0,1,2,3,4,5,6,7,8,9,10,11,12,13,14,15,16,17,18,19,20
0.59716796875,0.0,0.0,0.5360077555165728,0.3524590163934426,1.0,0.0,0.0,0.0,1.0,0.0,1.0,0.0,0.0,1.0,0.0,0.0,0.0,0.0,0.0,1.0
0.74365234375,0.0,1.0,0.30163419813498293,0.3770491803278689,1.0,0.0,0.0,0.0,1.0,1.0,0.0,1.0,0.0,0.0,0.0,0.0,0.0,0.0,0.0,1.0
0.658203125,0.0,0.0,0.22800295448250396,0.2797131147540984,1.0,0.0,0.0,0.0,1.0,0.0,1.0,0.0,0.0,1.0,0.0,0.0,0.0,0.0,0.0,1.0
0.7802734375,0.0,1.0,0.6300895577509003,0.3842213114754099,0.0,1.0,0.0,0.0,1.0,0.0,1.0,0.0,0.0,1.0,0.0,0.0,0.0,0.0,0.0,1.0
0.91455078125,1.0,0.0,0.7671036838703721,0.264344262295082,0.0,1.0,0.0,0.0,1.0,0.0,1.0,0.0,0.0,1.0,0.0,0.0,0.0,0.0,0.0,1.0
0.86572265625,0.0,0.0,0.6408457206167482,0.22950819672131148,1.0,0.0,0.0,0.0,1.0,1.0,0.0,1.0,0.0,0.0,0.0,0.0,0.0,0.0,0.0,1.0
0.84130859375,0.0,1.0,0.6468008494137198,0.2899590163934427,0.0,1.0,0.0,0.0,1.0,0.0,1.0,0.0,0.0,0.0,1.0,0.0,0.0,0.0,0.0,1.0
0.69482421875,1.0,0.0,0.7245868340873419,0.4528688524590165,0.0,1.0,0.0,0.0,1.0,0.0,1.0,0.0,0.0,1.0,0.0,0.0,0.0,0.0,0.0,1.0
1.0,0.0,1.0,0.41445849875357776,0.27049180327868855,0.0,1.0,0.0,0.0,1.0,0.0,1.0,0.0,0.0,1.0,0.0,0.0,0.0,0.0,0.0,1.0
0.7314453125,1.0,0.0,0.728972394054104,0.2069672131147541,0.0,1.0,0.0,0.0,1.0,0.0,1.0,1.0,0.0,0.0,0.0,0.0,0.0,0.0,0.0,1.0
0.47509765625,1.0,0.0,0.013710645369772012,0.40163934426229514,1.0,0.0,0.0,0.0,1.0,1.0,0.0,0.0,0.0,1.0,0.0,0.0,0.0,0.0,0.0,1.0
0.81689453125,1.0,0.0,0.03148370418243929,0.2592213114754099,1.0,0.0,0.0,0.0,1.0,1.0,0.0,0.0,0.0,0.0,1.0,0.0,0.0,0.0,0.0,1.0
0.658203125,0.0,0.0,0.1931954574831502,0.2981557377049181,0.0,1.0,0.0,0.0,1.0,1.0,0.0,0.0,0.0,1.0,0.0,0.0,0.0,0.0,0.0,1.0
0.74365234375,0.0,1.0,0.26170252054288623,0.2797131147540984,0.0,1.0,0.0,0.0,1.0,1.0,0.0,0.0,0.0,1.0,0.0,0.0,0.0,0.0,0.0,1.0
0.70703125,0.0,1.0,0.8561997968793279,0.32172131147540983,0.0,1.0,0.0,0.0,1.0,1.0,0.0,0.0,0.0,1.0,0.0,0.0,0.0,0.0,0.0,1.0
0.70703125,0.0,0.0,0.12547317883851905,0.0,0.0,1.0,0.0,0.0,1.0,0.0,1.0,0.0,0.0,1.0,0.0,0.0,0.0,0.0,0.0,1.0
0.658203125,0.0,0.0,0.6310589973225001,0.4139344262295082,1.0,0.0,0.0,0.0,1.0,1.0,0.0,0.0,0.0,0.0,1.0,0.0,0.0,0.0,0.0,1.0
0.9755859375,0.0,1.0,0.06190564121503095,0.24795081967213117,0.0,1.0,0.0,0.0,1.0,0.0,1.0,0.0,0.0,1.0,0.0,0.0,0.0,0.0,0.0,1.0
0.74365234375,1.0,0.0,0.09689779337087989,0.2797131147540984,0.0,1.0,0.0,0.0,1.0,1.0,0.0,0.0,0.0,0.0,1.0,0.0,0.0,0.0,0.0,1.0
0.90234375,0.0,0.0,0.0823561997968793,0.3206967213114755,0.0,1.0,0.0,0.0,1.0,0.0,1.0,0.0,0.0,1.0,0.0,0.0,0.0,0.0,0.0,1.0
0.9755859375,0.0,0.0,0.9440956513710644,0.32479508196721313,0.0,1.0,0.0,0.0,1.0,1.0,0.0,0.0,0.0,1.0,0.0,0.0,0.0,0.0,0.0,1.0
0.71923828125,0.0,0.0,0.28307635490721084,0.24385245901639346,1.0,0.0,0.0,0.0,1.0,1.0,0.0,0.0,0.0,1.0,0.0,0.0,0.0,0.0,0.0,1.0
0.8291015625,0.0,0.0,0.10479180131105159,0.28176229508196726,0.0,1.0,0.0,0.0,1.0,0.0,1.0,0.0,0.0,0.0,1.0,0.0,0.0,0.0,0.0,1.0
0.609375,0.0,0.0,0.21715446403840827,0.32172131147540983,1.0,0.0,0.0,0.0,1.0,1.0,0.0,0.0,0.0,1.0,0.0,0.0,0.0,0.0,0.0,1.0
0.69482421875,0.0,0.0,0.7698735112178007,0.382172131147541,1.0,0.0,0.0,0.0,1.0,0.0,1.0,0.0,0.0,1.0,0.0,0.0,0.0,0.0,0.0,1.0
0.86572265625,0.0,1.0,0.12298033422583332,0.0,0.0,1.0,0.0,0.0,1.0,0.0,1.0,0.0,0.0,1.0,0.0,0.0,0.0,0.0,0.0,1.0
0.7314453125,0.0,0.0,0.19531899178284556,0.27049180327868855,1.0,0.0,0.0,0.0,1.0,0.0,1.0,0.0,0.0,1.0,0.0,0.0,0.0,0.0,0.0,1.0
0.3896484375,0.0,0.0,0.09699012094912751,0.30635245901639346,1.0,0.0,0.0,0.0,1.0,1.0,0.0,0.0,0.0,1.0,0.0,0.0,0.0,0.0,0.0,1.0
0.74365234375,1.0,1.0,0.26368756347521005,0.3831967213114754,0.0,1.0,0.0,0.0,1.0,0.0,1.0,0.0,0.0,1.0,0.0,0.0,0.0,0.0,0.0,1.0
0.71923828125,0.0,0.0,0.2904163973778968,0.36372950819672134,0.0,1.0,0.0,0.0,1.0,1.0,0.0,0.0,0.0,0.0,1.0,0.0,0.0,0.0,0.0,1.0
0.8291015625,1.0,1.0,1.0,0.3186475409836066,0.0,1.0,0.0,0.0,1.0,1.0,0.0,0.0,0.0,1.0,0.0,0.0,0.0,0.0,0.0,1.0
0.8779296875,0.0,0.0,0.1975810174499123,0.27561475409836067,1.0,0.0,0.0,0.0,1.0,1.0,0.0,0.0,0.0,1.0,0.0,0.0,0.0,0.0,0.0,1.0
0.658203125,0.0,0.0,0.15109408180223433,0.3186475409836066,0.0,1.0,0.0,0.0,1.0,1.0,0.0,1.0,0.0,0.0,0.0,0.0,0.0,0.0,0.0,1.0
0.96337890625,0.0,1.0,0.6934262764287693,0.3176229508196722,1.0,0.0,0.0,1.0,0.0,0.0,1.0,0.0,0.0,1.0,0.0,0.0,0.0,0.0,0.0,1.0
0.67041015625,1.0,1.0,0.7168313175145417,0.4098360655737705,1.0,0.0,0.0,0.0,1.0,0.0,1.0,0.0,0.0,1.0,0.0,0.0,0.0,0.0,0.0,1.0
0.9267578125,1.0,1.0,0.6681746837780446,0.0,1.0,0.0,0.0,0.0,1.0,0.0,1.0,0.0,0.0,0.0,1.0,0.0,0.0,0.0,0.0,1.0
0.98779296875,1.0,1.0,0.9037484996768533,0.2879098360655738,0.0,1.0,0.0,0.0,1.0,0.0,1.0,0.0,0.0,1.0,0.0,0.0,0.0,0.0,0.0,1.0
0.98779296875,0.0,0.0,0.0700766318899455,0.264344262295082,1.0,0.0,0.0,1.0,0.0,0.0,1.0,1.0,0.0,0.0,0.0,0.0,0.0,0.0,0.0,1.0
0.59716796875,0.0,0.0,0.2296186871018373,0.326844262295082,0.0,1.0,0.0,1.0,0.0,1.0,0.0,0.0,0.0,1.0,0.0,0.0,0.0,0.0,0.0,1.0
0.47509765625,0.0,0.0,0.19684239682393134,0.3032786885245902,1.0,0.0,0.0,0.0,1.0,0.0,1.0,0.0,0.0,0.0,1.0,0.0,0.0,0.0,0.0,1.0
0.96337890625,0.0,0.0,0.1967039054565599,0.22028688524590165,1.0,0.0,0.0,0.0,1.0,0.0,1.0,0.0,0.0,1.0,0.0,0.0,0.0,0.0,0.0,1.0
0.7314453125,0.0,1.0,0.16988274397562553,0.36782786885245905,0.0,1.0,0.0,0.0,1.0,0.0,1.0,0.0,0.0,1.0,0.0,0.0,0.0,0.0,0.0,1.0
0.3896484375,0.0,0.0,0.10409934447419444,0.33094262295081966,1.0,0.0,0.0,0.0,1.0,1.0,0.0,0.0,0.0,1.0,0.0,0.0,0.0,0.0,0.0,1.0
0.2431640625,0.0,0.0,0.13618317791524331,0.20184426229508198,1.0,0.0,0.0,1.0,0.0,0.0,1.0,0.0,0.0,1.0,0.0,0.0,0.0,0.0,0.0,1.0
0.5361328125,0.0,0.0,0.0102021973963623,0.2520491803278689,1.0,0.0,0.0,0.0,1.0,0.0,1.0,1.0,0.0,0.0,0.0,0.0,0.0,0.0,0.0,1.0
0.96337890625,0.0,1.0,0.05872033976548796,0.2581967213114754,1.0,0.0,0.0,0.0,1.0,0.0,1.0,0.0,0.0,0.0,1.0,0.0,0.0,0.0,0.0,1.0
0.69482421875,1.0,0.0,0.34355091865940357,0.6239754098360656,1.0,0.0,0.0,0.0,1.0,1.0,0.0,0.0,0.0,1.0,0.0,0.0,0.0,0.0,0.0,1.0
0.59716796875,0.0,0.0,0.02354353245314378,0.3227459016393443,1.0,0.0,0.0,0.0,1.0,1.0,0.0,0.0,0.0,1.0,0.0,0.0,0.0,0.0,0.0,1.0
0.81689453125,0.0,0.0,0.18230080324993075,0.29098360655737704,1.0,0.0,0.0,0.0,1.0,1.0,0.0,1.0,0.0,0.0,0.0,0.0,0.0,0.0,0.0,1.0
0.70703125,1.0,0.0,0.0030468100821715582,0.28176229508196726,0.0,1.0,0.0,1.0,0.0,0.0,1.0,0.0,0.0,1.0,0.0,0.0,0.0,0.0,0.0,1.0
0.71923828125,0.0,0.0,0.2899085956975349,0.30122950819672134,0.0,1.0,0.0,0.0,1.0,0.0,1.0,0.0,0.0,1.0,0.0,0.0,0.0,0.0,0.0,1.0
0.54833984375,0.0,0.0,0.27010433016341984,0.28176229508196726,1.0,0.0,0.0,0.0,1.0,0.0,1.0,1.0,0.0,0.0,0.0,0.0,0.0,0.0,0.0,1.0
0.70703125,1.0,0.0,0.008494137198781282,0.27459016393442626,0.0,1.0,0.0,0.0,1.0,1.0,0.0,1.0,0.0,0.0,0.0,0.0,0.0,0.0,0.0,1.0
0.8046875,0.0,0.0,0.8640938048194996,0.36168032786885246,0.0,1.0,0.0,0.0,1.0,1.0,0.0,0.0,0.0,1.0,0.0,0.0,0.0,0.0,0.0,1.0
0.32861328125,0.0,0.0,0.21937032591635125,0.27049180327868855,0.0,1.0,0.0,0.0,1.0,1.0,0.0,0.0,0.0,1.0,0.0,0.0,0.0,0.0,0.0,1.0
0.52392578125,0.0,0.0,0.41958267934632076,0.3227459016393443,0.0,1.0,0.0,0.0,1.0,0.0,1.0,0.0,0.0,1.0,0.0,0.0,0.0,0.0,0.0,1.0
0.365234375,0.0,0.0,0.02922167851537255,0.37602459016393447,1.0,0.0,0.0,0.0,1.0,0.0,1.0,0.0,0.0,1.0,0.0,0.0,0.0,0.0,0.0,1.0
0.462890625,0.0,0.0,0.1140707229249377,0.2858606557377049,1.0,0.0,0.0,0.0,1.0,1.0,0.0,0.0,0.0,1.0,0.0,0.0,0.0,0.0,0.0,1.0
0.25537109375,0.0,0.0,0.1584341242729203,0.22438524590163936,1.0,0.0,0.0,1.0,0.0,1.0,0.0,0.0,0.0,1.0,0.0,0.0,0.0,0.0,0.0,1.0
0.21875,0.0,0.0,0.2597174776105623,0.3934426229508197,1.0,0.0,0.0,1.0,0.0,1.0,0.0,0.0,0.0,1.0,0.0,0.0,0.0,0.0,0.0,1.0
0.40185546875,0.0,0.0,0.8069430338842211,0.2653688524590164,0.0,1.0,0.0,0.0,1.0,0.0,1.0,0.0,0.0,0.0,1.0,0.0,0.0,0.0,0.0,1.0
0.5849609375,0.0,0.0,0.21369217985412242,0.21209016393442623,1.0,0.0,0.0,1.0,0.0,0.0,1.0,1.0,0.0,0.0,0.0,0.0,0.0,0.0,0.0,1.0
0.3896484375,0.0,0.0,0.19836580186501712,0.2581967213114754,1.0,0.0,0.0,0.0,1.0,0.0,1.0,0.0,0.0,1.0,0.0,0.0,0.0,0.0,0.0,1.0
0.52392578125,0.0,0.0,0.14615455636598657,0.2407786885245902,0.0,1.0,0.0,0.0,1.0,0.0,1.0,0.0,0.0,1.0,0.0,0.0,0.0,0.0,0.0,1.0
0.35302734375,0.0,0.0,0.03956236727910628,0.2879098360655738,1.0,0.0,0.0,0.0,1.0,0.0,1.0,0.0,0.0,1.0,0.0,0.0,0.0,0.0,0.0,1.0
0.64599609375,0.0,0.0,0.042839996306896944,0.3176229508196722,1.0,0.0,0.0,0.0,1.0,1.0,0.0,1.0,0.0,0.0,0.0,0.0,0.0,0.0,0.0,1.0
0.31640625,0.0,0.0,0.3009417412981258,0.22848360655737707,0.0,1.0,0.0,0.0,1.0,1.0,0.0,0.0,0.0,1.0,0.0,0.0,0.0,0.0,0.0,1.0
0.37744140625,0.0,0.0,0.31063613701412607,0.4129098360655738,1.0,0.0,0.0,0.0,1.0,1.0,0.0,0.0,0.0,1.0,0.0,0.0,0.0,0.0,0.0,1.0
0.6337890625,0.0,0.0,0.11891792078293784,0.24385245901639346,1.0,0.0,0.0,0.0,1.0,0.0,1.0,1.0,0.0,0.0,0.0,0.0,0.0,0.0,0.0,1.0
0.7802734375,0.0,0.0,0.12224171359985225,0.3719262295081967,1.0,0.0,0.0,1.0,0.0,1.0,0.0,1.0,0.0,0.0,0.0,0.0,0.0,0.0,0.0,1.0
0.40185546875,0.0,0.0,0.07404671775459332,0.47643442622950827,1.0,0.0,0.0,0.0,1.0,1.0,0.0,0.0,0.0,1.0,0.0,0.0,0.0,0.0,0.0,1.0
0.52392578125,0.0,0.0,0.016203489982457797,0.29098360655737704,1.0,0.0,0.0,0.0,1.0,1.0,0.0,0.0,0.0,1.0,0.0,0.0,0.0,0.0,0.0,1.0
0.4873046875,0.0,0.0,0.3913766041916721,0.32479508196721313,1.0,0.0,0.0,0.0,1.0,1.0,0.0,0.0,0.0,1.0,0.0,0.0,0.0,0.0,0.0,1.0
0.76806640625,0.0,0.0,0.11448619702705198,0.0,1.0,0.0,0.0,0.0,1.0,1.0,0.0,1.0,0.0,0.0,0.0,0.0,0.0,0.0,0.0,1.0
0.8779296875,0.0,1.0,0.19578062967408366,0.30122950819672134,0.0,1.0,0.0,0.0,1.0,1.0,0.0,0.0,0.0,0.0,1.0,0.0,0.0,0.0,0.0,1.0
0.40185546875,1.0,0.0,0.08918844058720343,0.4631147540983607,1.0,0.0,0.0,0.0,1.0,0.0,1.0,0.0,0.0,1.0,0.0,0.0,0.0,0.0,0.0,1.0
0.84130859375,0.0,0.0,0.21419998153448433,0.27459016393442626,0.0,1.0,0.0,0.0,1.0,1.0,0.0,0.0,0.0,1.0,0.0,0.0,0.0,0.0,0.0,1.0
0.74365234375,1.0,0.0,0.5305604283999631,0.6168032786885247,1.0,0.0,0.0,0.0,1.0,1.0,0.0,0.0,0.0,1.0,0.0,0.0,0.0,0.0,0.0,1.0
0.52392578125,0.0,0.0,0.09200443172375589,0.2346311475409836,1.0,0.0,0.0,0.0,1.0,1.0,0.0,0.0,0.0,1.0,0.0,0.0,0.0,0.0,0.0,1.0
0.3896484375,0.0,0.0,0.08808050964823194,0.23565573770491804,1.0,0.0,0.0,1.0,0.0,0.0,1.0,0.0,0.0,1.0,0.0,0.0,0.0,0.0,0.0,1.0
0.658203125,1.0,0.0,0.6627735204505586,0.0,0.0,1.0,0.0,0.0,1.0,1.0,0.0,0.0,0.0,1.0,0.0,0.0,0.0,0.0,0.0,1.0
0.5849609375,0.0,0.0,0.3552765210968517,0.3237704918032787,1.0,0.0,0.0,0.0,1.0,1.0,0.0,0.0,0.0,0.0,1.0,0.0,0.0,0.0,0.0,1.0
0.8046875,0.0,0.0,0.17823838980703538,0.24487704918032788,1.0,0.0,0.0,1.0,0.0,0.0,1.0,0.0,0.0,1.0,0.0,0.0,0.0,0.0,0.0,1.0
0.9267578125,0.0,0.0,0.19005631982273108,0.26024590163934425,1.0,0.0,0.0,0.0,1.0,0.0,1.0,1.0,0.0,0.0,0.0,0.0,0.0,0.0,0.0,1.0
0.6337890625,1.0,0.0,0.09011171636967963,0.3145491803278689,0.0,1.0,0.0,0.0,1.0,1.0,0.0,0.0,0.0,1.0,0.0,0.0,0.0,0.0,0.0,1.0
0.62158203125,0.0,0.0,0.12838149755331923,0.30430327868852464,1.0,0.0,0.0,0.0,1.0,1.0,0.0,0.0,0.0,1.0,0.0,0.0,0.0,0.0,0.0,1.0
0.37744140625,0.0,0.0,0.1553873141907488,0.3668032786885246,0.0,1.0,0.0,0.0,1.0,0.0,1.0,0.0,0.0,1.0,0.0,0.0,0.0,0.0,0.0,1.0
0.267578125,0.0,0.0,0.30920505955128796,0.24180327868852464,0.0,1.0,0.0,1.0,0.0,0.0,1.0,0.0,0.0,1.0,0.0,0.0,0.0,0.0,0.0,1.0
0.49951171875,0.0,0.0,0.09089650078478445,0.40676229508196726,0.0,1.0,0.0,1.0,0.0,1.0,0.0,1.0,0.0,0.0,0.0,0.0,0.0,0.0,0.0,1.0
0.3408203125,0.0,0.0,0.5924199058258701,0.4149590163934427,1.0,0.0,0.0,0.0,1.0,0.0,1.0,0.0,0.0,1.0,0.0,0.0,0.0,0.0,0.0,1.0
0.4873046875,0.0,0.0,0.15995752931400609,0.0,0.0,1.0,0.0,0.0,1.0,1.0,0.0,0.0,0.0,1.0,0.0,0.0,0.0,0.0,0.0,1.0
0.31640625,0.0,0.0,0.09311236266272743,0.23155737704918036,1.0,0.0,0.0,0.0,1.0,1.0,0.0,0.0,0.0,1.0,0.0,0.0,0.0,0.0,0.0,1.0
0.4384765625,0.0,0.0,0.15123257316960576,0.355532786885246,1.0,0.0,0.0,0.0,1.0,0.0,1.0,0.0,0.0,1.0,0.0,0.0,0.0,0.0,0.0,1.0
0.35302734375,0.0,0.0,0.7038131289816268,0.23360655737704922,0.0,1.0,0.0,1.0,0.0,0.0,1.0,0.0,0.0,1.0,0.0,0.0,0.0,0.0,0.0,1.0
0.62158203125,1.0,0.0,0.2494691164250762,0.2868852459016394,1.0,0.0,0.0,0.0,1.0,0.0,1.0,0.0,0.0,1.0,0.0,0.0,0.0,0.0,0.0,1.0
0.69482421875,0.0,0.0,0.24656079771027606,0.1987704918032787,0.0,1.0,0.0,0.0,1.0,0.0,1.0,0.0,0.0,1.0,0.0,0.0,0.0,0.0,0.0,1.0
0.5849609375,0.0,0.0,0.14043024651463398,0.3299180327868853,0.0,1.0,0.0,0.0,1.0,0.0,1.0,0.0,0.0,1.0,0.0,0.0,0.0,0.0,0.0,1.0
0.76806640625,1.0,0.0,0.2346505401163328,0.2407786885245902,1.0,0.0,0.0,0.0,1.0,0.0,1.0,0.0,0.0,1.0,0.0,0.0,0.0,0.0,0.0,1.0
0.560546875,0.0,0.0,0.6139322315575663,0.514344262295082,1.0,0.0,0.0,0.0,1.0,1.0,0.0,0.0,0.0,1.0,0.0,0.0,0.0,0.0,0.0,1.0
0.37744140625,0.0,0.0,0.2732896316129628,0.2838114754098361,0.0,1.0,0.0,0.0,1.0,1.0,0.0,0.0,0.0,1.0,0.0,0.0,0.0,0.0,0.0,1.0
0.4873046875,0.0,0.0,0.41251961961037753,0.30532786885245905,0.0,1.0,0.0,0.0,1.0,1.0,0.0,0.0,0.0,1.0,0.0,0.0,0.0,0.0,0.0,1.0
1.0,0.0,0.0,0.23686640199427572,0.2766393442622951,0.0,1.0,0.0,1.0,0.0,1.0,0.0,0.0,0.0,0.0,1.0,0.0,0.0,0.0,0.0,1.0
0.67041015625,0.0,0.0,0.0943587849690703,0.30122950819672134,1.0,0.0,0.0,0.0,1.0,1.0,0.0,1.0,0.0,0.0,0.0,0.0,0.0,0.0,0.0,1.0
0.52392578125,0.0,0.0,0.25994829655618135,0.22438524590163936,0.0,1.0,0.0,0.0,1.0,0.0,1.0,0.0,0.0,1.0,0.0,0.0,0.0,0.0,0.0,1.0
0.79248046875,0.0,1.0,0.015003231465238687,0.2868852459016394,0.0,1.0,0.0,0.0,1.0,0.0,1.0,0.0,0.0,0.0,1.0,0.0,0.0,0.0,0.0,1.0
0.6337890625,0.0,1.0,0.21410765395623677,0.319672131147541,0.0,1.0,0.0,1.0,0.0,1.0,0.0,0.0,0.0,1.0,0.0,0.0,0.0,0.0,0.0,1.0
0.62158203125,0.0,0.0,0.25865571046071467,0.3493852459016394,1.0,0.0,0.0,0.0,1.0,0.0,1.0,0.0,0.0,0.0,1.0,0.0,0.0,0.0,0.0,1.0
0.59716796875,0.0,0.0,0.004570215123257337,0.29405737704918034,1.0,0.0,0.0,0.0,1.0,1.0,0.0,0.0,0.0,1.0,0.0,0.0,0.0,0.0,0.0,1.0
0.951171875,0.0,0.0,0.0009232757824762516,0.3032786885245902,0.0,1.0,0.0,0.0,1.0,0.0,1.0,0.0,0.0,0.0,1.0,0.0,0.0,0.0,0.0,1.0
0.5849609375,0.0,0.0,0.09518973317329887,0.2950819672131148,1.0,0.0,0.0,0.0,1.0,1.0,0.0,0.0,0.0,1.0,0.0,0.0,0.0,0.0,0.0,1.0
0.365234375,0.0,0.0,0.15931123626627275,0.2377049180327869,1.0,0.0,0.0,0.0,1.0,1.0,0.0,0.0,0.0,1.0,0.0,0.0,0.0,0.0,0.0,1.0
0.8046875,0.0,0.0,0.21673898993629398,0.1711065573770492,1.0,0.0,0.0,0.0,1.0,0.0,1.0,0.0,0.0,1.0,0.0,0.0,0.0,0.0,0.0,1.0
0.59716796875,0.0,0.0,0.0396546948573539,0.3463114754098361,1.0,0.0,0.0,0.0,1.0,0.0,1.0,0.0,0.0,1.0,0.0,0.0,0.0,0.0,0.0,1.0
0.8046875,0.0,0.0,0.6710830024928447,0.3545081967213115,1.0,0.0,0.0,0.0,1.0,1.0,0.0,1.0,0.0,0.0,0.0,0.0,0.0,0.0,0.0,1.0
0.35302734375,0.0,0.0,0.01911180869725787,0.3668032786885246,0.0,1.0,0.0,1.0,0.0,0.0,1.0,0.0,0.0,1.0,0.0,0.0,0.0,0.0,0.0,1.0
0.609375,0.0,0.0,0.10400701689594688,0.25,0.0,1.0,0.0,0.0,1.0,1.0,0.0,0.0,0.0,1.0,0.0,0.0,0.0,0.0,0.0,1.0
0.853515625,0.0,0.0,0.0428861600960207,0.30122950819672134,0.0,1.0,0.0,0.0,1.0,0.0,1.0,0.0,0.0,1.0,0.0,0.0,0.0,0.0,0.0,1.0
0.365234375,0.0,0.0,0.09265072477148928,0.37909836065573776,1.0,0.0,0.0,1.0,0.0,0.0,1.0,0.0,0.0,1.0,0.0,0.0,0.0,0.0,0.0,1.0
0.62158203125,0.0,0.0,0.05932046902409749,0.30122950819672134,1.0,0.0,0.0,0.0,1.0,1.0,0.0,0.0,0.0,0.0,1.0,0.0,0.0,0.0,0.0,1.0
0.365234375,0.0,0.0,0.18414735481488326,0.33094262295081966,0.0,1.0,0.0,0.0,1.0,1.0,0.0,0.0,0.0,0.0,1.0,0.0,0.0,0.0,0.0,1.0
0.51171875,0.0,0.0,0.10788477518234696,0.3258196721311476,0.0,1.0,0.0,0.0,1.0,0.0,1.0,0.0,0.0,1.0,0.0,0.0,0.0,0.0,0.0,1.0
0.67041015625,0.0,0.0,0.0010156033607238713,0.27766393442622955,1.0,0.0,0.0,0.0,1.0,0.0,1.0,0.0,0.0,1.0,0.0,0.0,0.0,0.0,0.0,1.0
0.27978515625,0.0,0.0,0.19231834548979782,0.2520491803278689,0.0,1.0,0.0,1.0,0.0,1.0,0.0,0.0,0.0,1.0,0.0,0.0,0.0,0.0,0.0,1.0
0.37744140625,0.0,0.0,0.7713507524697628,0.4211065573770492,0.0,1.0,0.0,0.0,1.0,0.0,1.0,0.0,0.0,1.0,0.0,0.0,0.0,0.0,0.0,1.0
0.20654296875,0.0,0.0,0.5461637891238114,0.26229508196721313,1.0,0.0,0.0,1.0,0.0,1.0,0.0,0.0,0.0,1.0,0.0,0.0,0.0,0.0,0.0,1.0
0.37744140625,0.0,0.0,0.23571230726618048,0.2766393442622951,1.0,0.0,0.0,0.0,1.0,0.0,1.0,0.0,0.0,1.0,0.0,0.0,0.0,0.0,0.0,1.0
0.40185546875,0.0,0.0,0.09121964730865112,0.3237704918032787,0.0,1.0,0.0,0.0,1.0,1.0,0.0,0.0,0.0,1.0,0.0,0.0,0.0,0.0,0.0,1.0
0.51171875,0.0,0.0,0.3140522574092882,0.2674180327868853,0.0,1.0,0.0,0.0,1.0,1.0,0.0,0.0,0.0,1.0,0.0,0.0,0.0,0.0,0.0,1.0
0.51171875,0.0,0.0,0.1532176161019297,0.24590163934426232,1.0,0.0,0.0,0.0,1.0,1.0,0.0,0.0,0.0,1.0,0.0,0.0,0.0,0.0,0.0,1.0
0.30419921875,0.0,0.0,0.3087895854491737,0.2766393442622951,1.0,0.0,0.0,1.0,0.0,0.0,1.0,0.0,0.0,1.0,0.0,0.0,0.0,0.0,0.0,1.0
0.8046875,0.0,0.0,0.15963438279013947,0.35758196721311475,1.0,0.0,0.0,0.0,1.0,0.0,1.0,0.0,0.0,1.0,0.0,0.0,0.0,0.0,0.0,1.0
0.462890625,0.0,0.0,0.07113839903979319,0.41905737704918034,0.0,1.0,0.0,0.0,1.0,0.0,1.0,1.0,0.0,0.0,0.0,0.0,0.0,0.0,0.0,1.0
0.71923828125,0.0,0.0,0.08600313913766044,0.2797131147540984,0.0,1.0,0.0,0.0,1.0,1.0,0.0,1.0,0.0,0.0,0.0,0.0,0.0,0.0,0.0,1.0
0.3896484375,0.0,0.0,0.14079955682762446,0.47233606557377056,1.0,0.0,0.0,0.0,1.0,1.0,0.0,0.0,0.0,1.0,0.0,0.0,0.0,0.0,0.0,1.0
0.59716796875,0.0,0.0,0.605668913304404,0.4487704918032787,0.0,1.0,0.0,0.0,1.0,0.0,1.0,0.0,0.0,1.0,0.0,0.0,0.0,0.0,0.0,1.0
0.3896484375,0.0,0.0,0.17015972671036844,0.2827868852459017,1.0,0.0,0.0,0.0,1.0,1.0,0.0,0.0,0.0,1.0,0.0,0.0,0.0,0.0,0.0,1.0
0.23095703125,0.0,0.0,0.10188348259625152,0.3831967213114754,1.0,0.0,0.0,1.0,0.0,1.0,0.0,0.0,0.0,1.0,0.0,0.0,0.0,0.0,0.0,1.0
0.52392578125,0.0,0.0,0.37221863170529035,0.36782786885245905,0.0,1.0,0.0,0.0,1.0,0.0,1.0,0.0,0.0,1.0,0.0,0.0,0.0,0.0,0.0,1.0
0.560546875,0.0,0.0,0.20787554242452222,0.5153688524590164,1.0,0.0,0.0,0.0,1.0,1.0,0.0,0.0,0.0,1.0,0.0,0.0,0.0,0.0,0.0,1.0
0.37744140625,0.0,0.0,0.324346782383898,0.25,1.0,0.0,0.0,0.0,1.0,0.0,1.0,0.0,0.0,1.0,0.0,0.0,0.0,0.0,0.0,1.0
0.6337890625,0.0,0.0,0.7920782937863539,0.0,0.0,1.0,0.0,0.0,1.0,0.0,1.0,0.0,0.0,1.0,0.0,0.0,0.0,0.0,0.0,1.0
0.90234375,1.0,0.0,0.011033145600590932,0.32479508196721313,0.0,1.0,0.0,0.0,1.0,1.0,0.0,0.0,0.0,1.0,0.0,0.0,0.0,0.0,0.0,1.0
0.9755859375,1.0,1.0,0.13475210045240515,0.3104508196721312,0.0,1.0,0.0,0.0,1.0,0.0,1.0,0.0,0.0,0.0,1.0,0.0,0.0,0.0,0.0,1.0
0.32861328125,0.0,0.0,0.22786446311513253,0.3729508196721312,0.0,1.0,0.0,0.0,1.0,1.0,0.0,0.0,0.0,1.0,0.0,0.0,0.0,0.0,0.0,1.0
0.5849609375,0.0,0.0,0.07958637244945066,0.355532786885246,0.0,1.0,0.0,0.0,1.0,0.0,1.0,0.0,0.0,1.0,0.0,0.0,0.0,0.0,0.0,1.0
0.42626953125,0.0,0.0,0.13221309205059556,0.0,1.0,0.0,0.0,1.0,0.0,0.0,1.0,1.0,0.0,0.0,0.0,0.0,0.0,0.0,0.0,1.0
0.3896484375,0.0,0.0,0.10174499122888009,0.3606557377049181,1.0,0.0,0.0,1.0,0.0,1.0,0.0,0.0,0.0,1.0,0.0,0.0,0.0,0.0,0.0,1.0
0.84130859375,0.0,0.0,0.14841658203305325,0.23872950819672134,1.0,0.0,0.0,0.0,1.0,1.0,0.0,0.0,0.0,1.0,0.0,0.0,0.0,0.0,0.0,1.0
0.70703125,0.0,0.0,0.1565414089188441,0.3073770491803279,1.0,0.0,0.0,0.0,1.0,0.0,1.0,0.0,0.0,1.0,0.0,0.0,0.0,0.0,0.0,1.0
0.25537109375,0.0,0.0,0.2607792447604099,0.3780737704918033,1.0,0.0,0.0,1.0,0.0,0.0,1.0,1.0,0.0,0.0,0.0,0.0,0.0,0.0,0.0,1.0
0.86572265625,0.0,1.0,0.7026128704644077,0.33196721311475413,0.0,1.0,0.0,0.0,1.0,1.0,0.0,0.0,0.0,0.0,1.0,0.0,0.0,0.0,0.0,1.0
0.27978515625,1.0,0.0,0.06883020958360264,0.7991803278688525,1.0,0.0,0.0,1.0,0.0,0.0,1.0,0.0,0.0,1.0,0.0,0.0,0.0,0.0,0.0,1.0
0.40185546875,0.0,0.0,0.16092696888560615,0.1915983606557377,1.0,0.0,0.0,0.0,1.0,0.0,1.0,0.0,0.0,1.0,0.0,0.0,0.0,0.0,0.0,1.0
0.62158203125,0.0,0.0,0.820653679253993,0.34836065573770497,1.0,0.0,0.0,0.0,1.0,0.0,1.0,0.0,0.0,0.0,1.0,0.0,0.0,0.0,0.0,1.0
0.2431640625,0.0,0.0,0.09795956052072757,0.21106557377049184,1.0,0.0,0.0,1.0,0.0,0.0,1.0,0.0,0.0,1.0,0.0,0.0,0.0,0.0,0.0,1.0
0.37744140625,0.0,0.0,0.1386760225279291,0.30840163934426235,0.0,1.0,0.0,0.0,1.0,0.0,1.0,0.0,0.0,1.0,0.0,0.0,0.0,0.0,0.0,1.0
0.365234375,0.0,0.0,0.22851075616286587,0.3432377049180328,0.0,1.0,0.0,0.0,1.0,0.0,1.0,0.0,0.0,1.0,0.0,0.0,0.0,0.0,0.0,1.0
0.67041015625,0.0,0.0,0.2647493306250577,0.3360655737704918,1.0,0.0,0.0,0.0,1.0,1.0,0.0,0.0,0.0,1.0,0.0,0.0,0.0,0.0,0.0,1.0
0.45068359375,0.0,0.0,0.13170529037023365,0.4313524590163935,1.0,0.0,0.0,0.0,1.0,1.0,0.0,0.0,0.0,1.0,0.0,0.0,0.0,0.0,0.0,1.0
0.4140625,0.0,0.0,0.15954205521189185,0.2377049180327869,0.0,1.0,0.0,1.0,0.0,1.0,0.0,0.0,0.0,1.0,0.0,0.0,0.0,0.0,0.0,1.0
0.609375,0.0,0.0,0.25671683131751455,0.29405737704918034,0.0,1.0,0.0,0.0,1.0,0.0,1.0,1.0,0.0,0.0,0.0,0.0,0.0,0.0,0.0,1.0
0.31640625,0.0,0.0,0.1269042563013572,0.2920081967213115,1.0,0.0,0.0,1.0,0.0,0.0,1.0,0.0,0.0,1.0,0.0,0.0,0.0,0.0,0.0,1.0
0.59716796875,0.0,0.0,0.41076539562367276,0.3145491803278689,0.0,1.0,0.0,1.0,0.0,0.0,1.0,0.0,0.0,1.0,0.0,0.0,0.0,0.0,0.0,1.0
0.76806640625,0.0,0.0,0.11143938694488048,0.27254098360655743,1.0,0.0,0.0,0.0,1.0,1.0,0.0,0.0,0.0,1.0,0.0,0.0,0.0,0.0,0.0,1.0
0.6826171875,0.0,0.0,0.4665312528852369,0.2592213114754099,0.0,1.0,0.0,0.0,1.0,1.0,0.0,0.0,0.0,1.0,0.0,0.0,0.0,0.0,0.0,1.0
0.4140625,0.0,0.0,0.2462838149755332,0.3114754098360656,0.0,1.0,0.0,1.0,0.0,0.0,1.0,0.0,0.0,1.0,0.0,0.0,0.0,0.0,0.0,1.0
0.91455078125,0.0,0.0,0.23317329886437077,0.2889344262295082,0.0,1.0,0.0,0.0,1.0,0.0,1.0,0.0,0.0,1.0,0.0,0.0,0.0,0.0,0.0,1.0
0.365234375,0.0,0.0,0.255885883113286,0.3165983606557377,1.0,0.0,0.0,0.0,1.0,1.0,0.0,1.0,0.0,0.0,0.0,0.0,0.0,0.0,0.0,1.0
0.74365234375,0.0,0.0,0.20330532730126488,0.27254098360655743,0.0,1.0,0.0,0.0,1.0,0.0,1.0,0.0,0.0,1.0,0.0,0.0,0.0,0.0,0.0,1.0
0.15771484375,0.0,0.0,0.025713230541962895,0.24590163934426232,1.0,0.0,0.0,1.0,0.0,1.0,0.0,0.0,0.0,1.0,0.0,0.0,0.0,0.0,0.0,1.0
0.4384765625,0.0,0.0,0.12625796325362387,0.33913934426229514,1.0,0.0,0.0,0.0,1.0,1.0,0.0,1.0,0.0,0.0,0.0,0.0,0.0,0.0,0.0,1.0
0.27978515625,0.0,0.0,0.03974702243560152,0.26229508196721313,1.0,0.0,0.0,1.0,0.0,1.0,0.0,0.0,0.0,1.0,0.0,0.0,0.0,0.0,0.0,1.0
0.27978515625,0.0,0.0,0.6375219277998339,0.0,1.0,0.0,0.0,1.0,0.0,1.0,0.0,0.0,0.0,1.0,0.0,0.0,0.0,0.0,0.0,1.0
0.8046875,0.0,0.0,0.9063798356569107,0.3606557377049181,1.0,0.0,0.0,0.0,1.0,1.0,0.0,0.0,0.0,0.0,1.0,0.0,0.0,0.0,0.0,1.0
0.6826171875,1.0,0.0,0.12611947188625244,0.2848360655737705,1.0,0.0,0.0,0.0,1.0,0.0,1.0,1.0,0.0,0.0,0.0,0.0,0.0,0.0,0.0,1.0
0.79248046875,0.0,0.0,0.7635490721078387,0.38114754098360665,1.0,0.0,0.0,0.0,1.0,1.0,0.0,0.0,0.0,0.0,1.0,0.0,0.0,0.0,0.0,1.0
0.5849609375,0.0,0.0,0.3668636321669283,0.2889344262295082,1.0,0.0,0.0,0.0,1.0,1.0,0.0,0.0,0.0,1.0,0.0,0.0,0.0,0.0,0.0,1.0
0.4873046875,0.0,0.0,0.047779521743144704,0.24692622950819676,1.0,0.0,0.0,0.0,1.0,1.0,0.0,0.0,0.0,1.0,0.0,0.0,0.0,0.0,0.0,1.0
0.6337890625,1.0,0.0,0.0825408549533746,0.2581967213114754,1.0,0.0,0.0,1.0,0.0,0.0,1.0,0.0,0.0,1.0,0.0,0.0,0.0,0.0,0.0,1.0
0.54833984375,0.0,0.0,0.0025390084018096504,0.23668032786885249,1.0,0.0,0.0,0.0,1.0,0.0,1.0,0.0,0.0,1.0,0.0,0.0,0.0,0.0,0.0,1.0
0.96337890625,0.0,0.0,0.1312898162681193,0.29405737704918034,1.0,0.0,0.0,0.0,1.0,0.0,1.0,1.0,0.0,0.0,0.0,0.0,0.0,0.0,0.0,1.0
0.9755859375,0.0,0.0,0.09463576770381316,0.257172131147541,1.0,0.0,0.0,0.0,1.0,1.0,0.0,0.0,0.0,1.0,0.0,0.0,0.0,0.0,0.0,1.0
0.4873046875,0.0,0.0,0.28773889760871574,0.3145491803278689,1.0,0.0,0.0,1.0,0.0,1.0,0.0,0.0,0.0,1.0,0.0,0.0,0.0,0.0,0.0,1.0
0.5361328125,0.0,0.0,0.19605761240882658,0.31250000000000006,1.0,0.0,0.0,0.0,1.0,1.0,0.0,0.0,0.0,1.0,0.0,0.0,0.0,0.0,0.0,1.0
0.67041015625,0.0,1.0,0.2519157972486382,0.22745901639344263,1.0,0.0,0.0,1.0,0.0,1.0,0.0,0.0,0.0,1.0,0.0,0.0,0.0,0.0,0.0,1.0
0.7802734375,1.0,0.0,0.10760779244760416,0.30942622950819676,0.0,1.0,0.0,0.0,1.0,1.0,0.0,0.0,0.0,1.0,0.0,0.0,0.0,0.0,0.0,1.0
0.560546875,0.0,0.0,0.13955313452128149,0.32889344262295084,0.0,1.0,0.0,0.0,1.0,0.0,1.0,0.0,0.0,1.0,0.0,0.0,0.0,0.0,0.0,1.0
0.3896484375,0.0,0.0,0.2349736866401994,0.2551229508196721,1.0,0.0,0.0,0.0,1.0,1.0,0.0,0.0,0.0,1.0,0.0,0.0,0.0,0.0,0.0,1.0
0.49951171875,0.0,0.0,0.36303203766965186,0.444672131147541,1.0,0.0,0.0,0.0,1.0,0.0,1.0,0.0,0.0,1.0,0.0,0.0,0.0,0.0,0.0,1.0
0.79248046875,0.0,0.0,0.15441787461914874,0.29713114754098363,0.0,1.0,0.0,0.0,1.0,0.0,1.0,0.0,0.0,1.0,0.0,0.0,0.0,0.0,0.0,1.0
0.49951171875,0.0,0.0,0.8066660511494784,0.3606557377049181,1.0,0.0,0.0,0.0,1.0,1.0,0.0,1.0,0.0,0.0,0.0,0.0,0.0,0.0,0.0,1.0
0.31640625,0.0,0.0,0.15778783122518697,0.49590163934426235,1.0,0.0,0.0,1.0,0.0,1.0,0.0,0.0,0.0,1.0,0.0,0.0,0.0,0.0,0.0,1.0
0.609375,0.0,0.0,0.22324808420275138,0.2981557377049181,0.0,1.0,0.0,0.0,1.0,0.0,1.0,0.0,0.0,1.0,0.0,0.0,0.0,0.0,0.0,1.0
0.47509765625,0.0,0.0,0.21997045517496078,0.3668032786885246,0.0,1.0,0.0,0.0,1.0,0.0,1.0,0.0,0.0,1.0,0.0,0.0,0.0,0.0,0.0,1.0
0.52392578125,0.0,0.0,0.215261748684332,0.27356557377049184,1.0,0.0,0.0,1.0,0.0,1.0,0.0,0.0,0.0,1.0,0.0,0.0,0.0,0.0,0.0,1.0
0.5849609375,0.0,0.0,0.03790047087064907,0.27151639344262296,0.0,1.0,0.0,0.0,1.0,0.0,1.0,0.0,0.0,1.0,0.0,0.0,0.0,0.0,0.0,1.0
0.59716796875,0.0,0.0,0.12598098051888101,0.46516393442622955,1.0,0.0,0.0,0.0,1.0,1.0,0.0,0.0,0.0,1.0,0.0,0.0,0.0,0.0,0.0,1.0
0.560546875,1.0,0.0,0.08586464777028902,0.0,0.0,1.0,0.0,0.0,1.0,1.0,0.0,0.0,0.0,1.0,0.0,0.0,0.0,0.0,0.0,1.0
0.609375,0.0,0.0,0.17505308835749245,0.42930327868852464,0.0,1.0,0.0,0.0,1.0,1.0,0.0,0.0,0.0,1.0,0.0,0.0,0.0,0.0,0.0,1.0
0.70703125,0.0,1.0,0.4110423783584156,0.26639344262295084,1.0,0.0,0.0,0.0,1.0,1.0,0.0,0.0,0.0,1.0,0.0,0.0,0.0,0.0,0.0,1.0
0.57275390625,0.0,0.0,0.1442618410119103,0.40163934426229514,0.0,1.0,0.0,0.0,1.0,1.0,0.0,0.0,0.0,1.0,0.0,0.0,0.0,0.0,0.0,1.0
0.57275390625,0.0,0.0,0.2629951066383529,0.2530737704918033,1.0,0.0,0.0,0.0,1.0,0.0,1.0,0.0,0.0,1.0,0.0,0.0,0.0,0.0,0.0,1.0
0.4873046875,0.0,0.0,0.11702520542886163,0.2797131147540984,1.0,0.0,0.0,1.0,0.0,0.0,1.0,0.0,0.0,1.0,0.0,0.0,0.0,0.0,0.0,1.0
0.8779296875,0.0,0.0,0.0783399501431078,0.0,0.0,1.0,0.0,0.0,1.0,1.0,0.0,0.0,0.0,0.0,1.0,0.0,0.0,0.0,0.0,1.0
0.4873046875,0.0,0.0,0.10580740467177552,0.33196721311475413,1.0,0.0,0.0,1.0,0.0,0.0,1.0,0.0,0.0,1.0,0.0,0.0,0.0,0.0,0.0,1.0
0.3896484375,0.0,0.0,0.17565321761610198,0.28176229508196726,1.0,0.0,0.0,1.0,0.0,1.0,0.0,0.0,0.0,0.0,1.0,0.0,0.0,0.0,0.0,1.0
0.51171875,0.0,0.0,0.47904163973778957,0.3852459016393443,1.0,0.0,0.0,0.0,1.0,0.0,1.0,0.0,0.0,1.0,0.0,0.0,0.0,0.0,0.0,1.0
0.8291015625,0.0,0.0,0.8405964361554797,0.27254098360655743,1.0,0.0,0.0,0.0,1.0,0.0,1.0,0.0,0.0,1.0,0.0,0.0,0.0,0.0,0.0,1.0
0.52392578125,0.0,0.0,0.2329886437078756,0.4436475409836066,1.0,0.0,0.0,0.0,1.0,1.0,0.0,0.0,0.0,0.0,1.0,0.0,0.0,0.0,0.0,1.0
0.25537109375,0.0,0.0,0.16175791708983472,0.2961065573770492,1.0,0.0,0.0,1.0,0.0,0.0,1.0,0.0,0.0,1.0,0.0,0.0,0.0,0.0,0.0,1.0
0.59716796875,0.0,0.0,0.24134428953928544,0.27356557377049184,1.0,0.0,0.0,0.0,1.0,1.0,0.0,0.0,0.0,1.0,0.0,0.0,0.0,0.0,0.0,1.0
0.93896484375,0.0,0.0,0.21110700766318896,0.30225409836065575,1.0,0.0,0.0,0.0,1.0,1.0,0.0,0.0,0.0,1.0,0.0,0.0,0.0,0.0,0.0,1.0
0.755859375,0.0,0.0,0.701043301634198,0.3770491803278689,0.0,1.0,0.0,0.0,1.0,0.0,1.0,0.0,0.0,1.0,0.0,0.0,0.0,0.0,0.0,1.0
0.45068359375,0.0,0.0,0.29983381035915424,0.3473360655737705,0.0,1.0,0.0,0.0,1.0,0.0,1.0,0.0,0.0,1.0,0.0,0.0,0.0,0.0,0.0,1.0
0.658203125,0.0,0.0,0.4392484535130644,0.3913934426229509,0.0,1.0,0.0,0.0,1.0,1.0,0.0,0.0,0.0,1.0,0.0,0.0,0.0,0.0,0.0,1.0
0.52392578125,0.0,0.0,0.12381128243006184,0.2838114754098361,0.0,1.0,0.0,0.0,1.0,0.0,1.0,0.0,0.0,1.0,0.0,0.0,0.0,0.0,0.0,1.0
0.30419921875,0.0,0.0,0.10696149939987076,0.0,0.0,1.0,0.0,0.0,1.0,1.0,0.0,0.0,0.0,1.0,0.0,0.0,0.0,0.0,0.0,1.0
0.79248046875,0.0,0.0,0.02192779983381038,0.2920081967213115,0.0,1.0,0.0,0.0,1.0,0.0,1.0,0.0,0.0,1.0,0.0,0.0,0.0,0.0,0.0,1.0
0.98779296875,0.0,0.0,0.027605945896039152,0.2827868852459017,0.0,1.0,0.0,0.0,1.0,0.0,1.0,0.0,0.0,0.0,1.0,0.0,0.0,0.0,0.0,1.0
0.755859375,0.0,0.0,0.27702889853199153,0.3073770491803279,0.0,1.0,0.0,0.0,1.0,1.0,0.0,0.0,0.0,1.0,0.0,0.0,0.0,0.0,0.0,1.0
0.32861328125,0.0,0.0,0.6309205059551287,0.0,0.0,1.0,0.0,1.0,0.0,1.0,0.0,0.0,0.0,1.0,0.0,0.0,0.0,0.0,0.0,1.0
0.5849609375,0.0,0.0,0.7467454528667713,0.0,0.0,1.0,0.0,0.0,1.0,1.0,0.0,0.0,0.0,0.0,1.0,0.0,0.0,0.0,0.0,1.0
0.37744140625,0.0,0.0,0.10206813775274676,0.2653688524590164,0.0,1.0,0.0,0.0,1.0,1.0,0.0,0.0,0.0,1.0,0.0,0.0,0.0,0.0,0.0,1.0
0.462890625,0.0,0.0,0.12076447234789034,0.34016393442622955,1.0,0.0,0.0,0.0,1.0,1.0,0.0,0.0,0.0,1.0,0.0,0.0,0.0,0.0,0.0,1.0
0.365234375,0.0,0.0,0.04948758194072572,0.2540983606557377,1.0,0.0,0.0,1.0,0.0,0.0,1.0,0.0,0.0,0.0,1.0,0.0,0.0,0.0,0.0,1.0
0.98779296875,0.0,1.0,0.31562182623949775,0.3145491803278689,1.0,0.0,0.0,0.0,1.0,1.0,0.0,0.0,0.0,1.0,0.0,0.0,0.0,0.0,0.0,1.0
0.1455078125,0.0,0.0,0.7032129997230172,0.26024590163934425,1.0,0.0,0.0,1.0,0.0,1.0,0.0,0.0,0.0,0.0,0.0,1.0,0.0,0.0,0.0,1.0
0.21875,0.0,0.0,0.407764749330625,0.3278688524590164,0.0,1.0,0.0,1.0,0.0,1.0,0.0,0.0,0.0,1.0,0.0,0.0,0.0,0.0,0.0,1.0
0.3896484375,0.0,0.0,0.059089650078478495,0.23360655737704922,1.0,0.0,0.0,1.0,0.0,1.0,0.0,0.0,0.0,1.0,0.0,0.0,0.0,0.0,0.0,1.0
0.86572265625,0.0,0.0,0.24609915981903796,0.3360655737704918,0.0,1.0,0.0,0.0,1.0,0.0,1.0,0.0,0.0,1.0,0.0,0.0,0.0,0.0,0.0,1.0
0.755859375,0.0,0.0,0.30537346505401164,0.30430327868852464,0.0,1.0,0.0,0.0,1.0,1.0,0.0,0.0,0.0,1.0,0.0,0.0,0.0,0.0,0.0,1.0
0.51171875,0.0,1.0,0.7931400609362017,0.35040983606557385,1.0,0.0,0.0,0.0,1.0,0.0,1.0,1.0,0.0,0.0,0.0,0.0,0.0,0.0,0.0,1.0
0.30419921875,0.0,0.0,0.17593020035084483,0.0,1.0,0.0,0.0,0.0,1.0,0.0,1.0,1.0,0.0,0.0,0.0,0.0,0.0,0.0,0.0,1.0
0.59716796875,0.0,0.0,0.21189179207829378,0.24795081967213117,1.0,0.0,0.0,0.0,1.0,0.0,1.0,0.0,0.0,1.0,0.0,0.0,0.0,0.0,0.0,1.0
0.54833984375,0.0,0.0,0.2555165728002955,0.2530737704918033,1.0,0.0,0.0,0.0,1.0,0.0,1.0,0.0,0.0,1.0,0.0,0.0,0.0,0.0,0.0,1.0
0.365234375,0.0,0.0,0.1666974425260826,0.0,0.0,1.0,0.0,0.0,1.0,0.0,1.0,0.0,0.0,1.0,0.0,0.0,0.0,0.0,0.0,1.0
0.57275390625,0.0,0.0,0.4703628473825131,0.2674180327868853,1.0,0.0,0.0,0.0,1.0,0.0,1.0,0.0,0.0,1.0,0.0,0.0,0.0,0.0,0.0,1.0
0.27978515625,0.0,0.0,0.3303019111808697,0.29405737704918034,1.0,0.0,0.0,1.0,0.0,0.0,1.0,0.0,0.0,1.0,0.0,0.0,0.0,0.0,0.0,1.0
0.62158203125,0.0,0.0,0.0649062875080787,0.3657786885245902,0.0,1.0,0.0,0.0,1.0,0.0,1.0,0.0,0.0,0.0,1.0,0.0,0.0,0.0,0.0,1.0
0.8046875,0.0,0.0,0.754408641861324,0.39856557377049184,0.0,1.0,0.0,0.0,1.0,1.0,0.0,1.0,0.0,0.0,0.0,0.0,0.0,0.0,0.0,1.0
0.5361328125,0.0,0.0,0.04699473732803988,0.22643442622950824,1.0,0.0,0.0,1.0,0.0,1.0,0.0,0.0,0.0,1.0,0.0,0.0,0.0,0.0,0.0,1.0
0.79248046875,0.0,0.0,0.08018650170806019,0.2961065573770492,1.0,0.0,0.0,0.0,1.0,0.0,1.0,0.0,0.0,1.0,0.0,0.0,0.0,0.0,0.0,1.0
0.2919921875,0.0,0.0,0.03822361739451574,0.20799180327868855,1.0,0.0,0.0,1.0,0.0,0.0,1.0,1.0,0.0,0.0,0.0,0.0,0.0,0.0,0.0,1.0
0.49951171875,0.0,0.0,0.1699289077647494,0.2530737704918033,1.0,0.0,0.0,0.0,1.0,0.0,1.0,1.0,0.0,0.0,0.0,0.0,0.0,0.0,0.0,1.0
0.4873046875,0.0,0.0,0.07076908872680271,0.23872950819672134,1.0,0.0,0.0,1.0,0.0,1.0,0.0,0.0,0.0,1.0,0.0,0.0,0.0,0.0,0.0,1.0
0.62158203125,0.0,0.0,0.23677407441602805,0.42930327868852464,0.0,1.0,0.0,1.0,0.0,1.0,0.0,0.0,0.0,1.0,0.0,0.0,0.0,0.0,0.0,1.0
0.71923828125,0.0,0.0,0.17754593297017818,0.257172131147541,0.0,1.0,0.0,0.0,1.0,0.0,1.0,0.0,0.0,1.0,0.0,0.0,0.0,0.0,0.0,1.0
0.64599609375,0.0,0.0,0.2690425630135722,0.35963114754098363,0.0,1.0,0.0,0.0,1.0,0.0,1.0,1.0,0.0,0.0,0.0,0.0,0.0,0.0,0.0,1.0
0.40185546875,0.0,0.0,0.8665866494321853,0.16086065573770492,1.0,0.0,0.0,0.0,1.0,0.0,1.0,0.0,0.0,1.0,0.0,0.0,0.0,0.0,0.0,1.0
0.64599609375,1.0,0.0,0.6811005447327116,0.3493852459016394,1.0,0.0,0.0,0.0,1.0,0.0,1.0,0.0,0.0,1.0,0.0,0.0,0.0,0.0,0.0,1.0
0.93896484375,0.0,0.0,0.07533930385006005,0.24692622950819676,0.0,1.0,0.0,0.0,1.0,0.0,1.0,0.0,0.0,1.0,0.0,0.0,0.0,0.0,0.0,1.0
0.71923828125,0.0,0.0,0.2057520081248269,0.2950819672131148,0.0,1.0,0.0,0.0,1.0,0.0,1.0,1.0,0.0,0.0,0.0,0.0,0.0,0.0,0.0,1.0
0.7802734375,0.0,0.0,0.27398208844981997,0.3237704918032787,1.0,0.0,0.0,0.0,1.0,1.0,0.0,0.0,0.0,0.0,1.0,0.0,0.0,0.0,0.0,1.0
0.5361328125,0.0,0.0,0.18276244114116885,0.29098360655737704,0.0,1.0,0.0,0.0,1.0,1.0,0.0,0.0,0.0,1.0,0.0,0.0,0.0,0.0,0.0,1.0
0.7314453125,0.0,1.0,0.705982827070446,0.36168032786885246,1.0,0.0,0.0,0.0,1.0,0.0,1.0,0.0,0.0,1.0,0.0,0.0,0.0,0.0,0.0,1.0
0.6826171875,0.0,0.0,0.7731511402455914,0.41086065573770497,1.0,0.0,0.0,0.0,1.0,1.0,0.0,0.0,0.0,1.0,0.0,0.0,0.0,0.0,0.0,1.0
0.51171875,0.0,0.0,0.08443357030745086,0.5737704918032788,1.0,0.0,0.0,1.0,0.0,1.0,0.0,0.0,0.0,0.0,1.0,0.0,0.0,0.0,0.0,1.0
0.4873046875,0.0,0.0,0.6294894284922906,0.2858606557377049,1.0,0.0,0.0,0.0,1.0,1.0,0.0,0.0,0.0,1.0,0.0,0.0,0.0,0.0,0.0,1.0
0.5361328125,0.0,0.0,0.11822546394608074,0.2879098360655738,0.0,1.0,0.0,0.0,1.0,0.0,1.0,0.0,0.0,1.0,0.0,0.0,0.0,0.0,0.0,1.0
0.365234375,0.0,0.0,0.3163604468654787,0.4508196721311476,1.0,0.0,0.0,0.0,1.0,0.0,1.0,0.0,0.0,1.0,0.0,0.0,0.0,0.0,0.0,1.0
0.609375,0.0,0.0,0.14218447050133876,0.382172131147541,1.0,0.0,0.0,0.0,1.0,0.0,1.0,0.0,0.0,0.0,1.0,0.0,0.0,0.0,0.0,1.0
1.0,0.0,0.0,0.41122703351491086,0.3627049180327869,0.0,1.0,0.0,0.0,1.0,0.0,1.0,0.0,0.0,1.0,0.0,0.0,0.0,0.0,0.0,1.0
0.609375,0.0,0.0,0.31095928353799285,0.36782786885245905,0.0,1.0,0.0,0.0,1.0,1.0,0.0,0.0,0.0,1.0,0.0,0.0,0.0,0.0,0.0,1.0
0.5361328125,0.0,0.0,0.7422214015326378,0.42827868852459017,1.0,0.0,0.0,1.0,0.0,0.0,1.0,1.0,0.0,0.0,0.0,0.0,0.0,0.0,0.0,1.0
0.54833984375,0.0,0.0,0.014449265995752969,0.24590163934426232,0.0,1.0,0.0,0.0,1.0,1.0,0.0,0.0,0.0,1.0,0.0,0.0,0.0,0.0,0.0,1.0
0.4384765625,0.0,0.0,0.132351583417967,0.2612704918032787,0.0,1.0,0.0,0.0,1.0,1.0,0.0,0.0,0.0,1.0,0.0,0.0,0.0,0.0,0.0,1.0
0.84130859375,1.0,0.0,0.24000553965469484,0.0,0.0,1.0,0.0,0.0,1.0,1.0,0.0,0.0,0.0,1.0,0.0,0.0,0.0,0.0,0.0,1.0
0.267578125,0.0,0.0,0.007940171729295564,0.30635245901639346,1.0,0.0,0.0,1.0,0.0,0.0,1.0,0.0,0.0,1.0,0.0,0.0,0.0,0.0,0.0,1.0
0.54833984375,0.0,0.0,0.10188348259625152,0.38114754098360665,1.0,0.0,0.0,0.0,1.0,1.0,0.0,0.0,0.0,1.0,0.0,0.0,0.0,0.0,0.0,1.0
0.365234375,0.0,0.0,0.07178469208752658,0.2520491803278689,1.0,0.0,0.0,0.0,1.0,0.0,1.0,0.0,0.0,1.0,0.0,0.0,0.0,0.0,0.0,1.0
0.2919921875,1.0,0.0,0.11776382605484259,0.2889344262295082,0.0,1.0,0.0,0.0,1.0,1.0,0.0,0.0,0.0,1.0,0.0,0.0,0.0,0.0,0.0,1.0
0.62158203125,0.0,0.0,0.17172929554057798,0.355532786885246,0.0,1.0,0.0,0.0,1.0,0.0,1.0,1.0,0.0,0.0,0.0,0.0,0.0,0.0,0.0,1.0
0.32861328125,0.0,0.0,0.11748684332009968,0.4077868852459017,1.0,0.0,0.0,0.0,1.0,0.0,1.0,0.0,0.0,1.0,0.0,0.0,0.0,0.0,0.0,1.0
0.9267578125,1.0,1.0,0.2167851537254178,0.3176229508196722,1.0,0.0,0.0,0.0,1.0,1.0,0.0,0.0,0.0,1.0,0.0,0.0,0.0,0.0,0.0,1.0
0.5849609375,0.0,0.0,0.714523128058351,0.0,1.0,0.0,0.0,0.0,1.0,1.0,0.0,0.0,0.0,0.0,1.0,0.0,0.0,0.0,0.0,1.0
0.31640625,0.0,0.0,0.1867325270058166,0.3145491803278689,0.0,1.0,0.0,0.0,1.0,1.0,0.0,0.0,0.0,1.0,0.0,0.0,0.0,0.0,0.0,1.0
0.267578125,0.0,0.0,0.051564952451297275,0.2100409836065574,1.0,0.0,0.0,1.0,0.0,0.0,1.0,0.0,0.0,1.0,0.0,0.0,0.0,0.0,0.0,1.0
0.609375,0.0,0.0,0.09892900009232758,0.29713114754098363,1.0,0.0,0.0,0.0,1.0,1.0,0.0,0.0,0.0,1.0,0.0,0.0,0.0,0.0,0.0,1.0
0.951171875,1.0,0.0,0.168543994091035,0.3432377049180328,1.0,0.0,0.0,0.0,1.0,1.0,0.0,0.0,0.0,1.0,0.0,0.0,0.0,0.0,0.0,1.0
0.3896484375,0.0,0.0,0.18677869079494047,0.0,0.0,1.0,0.0,1.0,0.0,1.0,0.0,0.0,0.0,1.0,0.0,0.0,0.0,0.0,0.0,1.0
0.30419921875,0.0,0.0,0.1387221863170529,0.29405737704918034,0.0,1.0,0.0,1.0,0.0,1.0,0.0,0.0,0.0,1.0,0.0,0.0,0.0,0.0,0.0,1.0
0.267578125,0.0,0.0,0.3936847936478627,0.23565573770491804,1.0,0.0,0.0,1.0,0.0,0.0,1.0,0.0,0.0,1.0,0.0,0.0,0.0,0.0,0.0,1.0
0.74365234375,0.0,0.0,0.028621549256763024,0.24282786885245902,0.0,1.0,0.0,0.0,1.0,0.0,1.0,0.0,0.0,1.0,0.0,0.0,0.0,0.0,0.0,1.0
0.7314453125,1.0,0.0,0.14273843597082453,0.26229508196721313,0.0,1.0,0.0,0.0,1.0,0.0,1.0,0.0,0.0,1.0,0.0,0.0,0.0,0.0,0.0,1.0
0.54833984375,0.0,0.0,0.09952912935093716,0.35655737704918034,1.0,0.0,0.0,0.0,1.0,1.0,0.0,0.0,0.0,1.0,0.0,0.0,0.0,0.0,0.0,1.0
0.45068359375,0.0,0.0,0.16540485643061587,0.2520491803278689,0.0,1.0,0.0,1.0,0.0,0.0,1.0,0.0,0.0,1.0,0.0,0.0,0.0,0.0,0.0,1.0
0.365234375,0.0,0.0,0.15270981442156778,0.0,1.0,0.0,0.0,1.0,0.0,0.0,1.0,1.0,0.0,0.0,0.0,0.0,0.0,0.0,0.0,1.0
0.7314453125,0.0,0.0,0.6828547687194164,0.0,1.0,0.0,0.0,0.0,1.0,0.0,1.0,0.0,0.0,0.0,1.0,0.0,0.0,0.0,0.0,1.0
0.57275390625,0.0,0.0,0.06116702058904999,0.30122950819672134,1.0,0.0,0.0,0.0,1.0,1.0,0.0,0.0,0.0,0.0,1.0,0.0,0.0,0.0,0.0,1.0
0.67041015625,0.0,0.0,0.6612501154094729,0.2981557377049181,1.0,0.0,0.0,0.0,1.0,0.0,1.0,1.0,0.0,0.0,0.0,0.0,0.0,0.0,0.0,1.0
0.57275390625,0.0,0.0,0.09375865571046077,0.3729508196721312,1.0,0.0,0.0,0.0,1.0,1.0,0.0,0.0,0.0,1.0,0.0,0.0,0.0,0.0,0.0,1.0
0.57275390625,0.0,0.0,0.20861416305050323,0.319672131147541,1.0,0.0,0.0,0.0,1.0,0.0,1.0,1.0,0.0,0.0,0.0,0.0,0.0,0.0,0.0,1.0
0.64599609375,1.0,1.0,0.6515095559043487,0.2551229508196721,1.0,0.0,0.0,0.0,1.0,0.0,1.0,0.0,0.0,1.0,0.0,0.0,0.0,0.0,0.0,1.0
0.6826171875,0.0,0.0,0.27333579540208663,0.3145491803278689,1.0,0.0,0.0,0.0,1.0,0.0,1.0,0.0,0.0,1.0,0.0,0.0,0.0,0.0,0.0,1.0
0.64599609375,0.0,0.0,0.27061213184378174,0.3237704918032787,1.0,0.0,0.0,0.0,1.0,0.0,1.0,0.0,0.0,0.0,1.0,0.0,0.0,0.0,0.0,1.0
0.6826171875,1.0,0.0,0.08157141538177459,0.24385245901639346,0.0,1.0,0.0,0.0,1.0,0.0,1.0,1.0,0.0,0.0,0.0,0.0,0.0,0.0,0.0,1.0
0.6826171875,0.0,0.0,0.18276244114116885,0.3032786885245902,1.0,0.0,0.0,0.0,1.0,1.0,0.0,0.0,0.0,0.0,1.0,0.0,0.0,0.0,0.0,1.0
0.365234375,0.0,0.0,0.0584433570307451,0.29918032786885246,1.0,0.0,0.0,0.0,1.0,0.0,1.0,0.0,0.0,1.0,0.0,0.0,0.0,0.0,0.0,1.0
0.57275390625,0.0,0.0,0.3696334595143569,0.36885245901639346,0.0,1.0,0.0,0.0,1.0,0.0,1.0,0.0,0.0,0.0,1.0,0.0,0.0,0.0,0.0,1.0
0.30419921875,0.0,0.0,0.2815991136552488,0.20901639344262296,0.0,1.0,0.0,1.0,0.0,0.0,1.0,0.0,0.0,1.0,0.0,0.0,0.0,0.0,0.0,1.0
0.30419921875,0.0,0.0,0.08766503554611765,0.3493852459016394,1.0,0.0,0.0,1.0,0.0,1.0,0.0,1.0,0.0,0.0,0.0,0.0,0.0,0.0,0.0,1.0
0.5361328125,0.0,0.0,0.4025020773705106,0.2981557377049181,0.0,1.0,0.0,0.0,1.0,0.0,1.0,0.0,0.0,1.0,0.0,0.0,0.0,0.0,0.0,1.0
0.51171875,1.0,0.0,0.2940633367186779,0.4200819672131148,0.0,1.0,0.0,0.0,1.0,0.0,1.0,1.0,0.0,0.0,0.0,0.0,0.0,0.0,0.0,1.0
0.8291015625,0.0,0.0,0.3071738528298402,0.2981557377049181,1.0,0.0,0.0,1.0,0.0,0.0,1.0,1.0,0.0,0.0,0.0,0.0,0.0,0.0,0.0,1.0
0.5361328125,0.0,0.0,0.1862247253254547,0.32172131147540983,0.0,1.0,0.0,0.0,1.0,1.0,0.0,0.0,0.0,1.0,0.0,0.0,0.0,0.0,0.0,1.0
0.6337890625,0.0,0.0,0.1948111901024836,0.22336065573770494,1.0,0.0,0.0,0.0,1.0,0.0,1.0,0.0,0.0,1.0,0.0,0.0,0.0,0.0,0.0,1.0
0.70703125,0.0,0.0,0.006416766688209785,0.2889344262295082,1.0,0.0,0.0,0.0,1.0,1.0,0.0,0.0,0.0,1.0,0.0,0.0,0.0,0.0,0.0,1.0
0.35302734375,0.0,0.0,0.08868063890684147,0.30635245901639346,1.0,0.0,0.0,0.0,1.0,1.0,0.0,0.0,0.0,0.0,1.0,0.0,0.0,0.0,0.0,1.0
0.6337890625,0.0,0.0,0.18802511310128334,0.3032786885245902,0.0,1.0,0.0,0.0,1.0,0.0,1.0,0.0,0.0,1.0,0.0,0.0,0.0,0.0,0.0,1.0
0.51171875,0.0,0.0,0.7060289908595697,0.0,1.0,0.0,0.0,0.0,1.0,0.0,1.0,0.0,0.0,1.0,0.0,0.0,0.0,0.0,0.0,1.0
0.7802734375,0.0,1.0,0.22232480842027513,0.3514344262295082,0.0,1.0,0.0,0.0,1.0,0.0,1.0,0.0,0.0,1.0,0.0,0.0,0.0,0.0,0.0,1.0
0.3896484375,0.0,0.0,0.33976548795125106,0.26946721311475413,1.0,0.0,0.0,0.0,1.0,1.0,0.0,0.0,0.0,0.0,1.0,0.0,0.0,0.0,0.0,1.0
0.37744140625,0.0,0.0,0.19693472440217896,0.23155737704918036,0.0,1.0,0.0,1.0,0.0,0.0,1.0,0.0,0.0,1.0,0.0,0.0,0.0,0.0,0.0,1.0
0.12109375,0.0,0.0,0.03674637614255377,0.2100409836065574,0.0,1.0,0.0,1.0,0.0,0.0,1.0,0.0,0.0,0.0,0.0,1.0,0.0,0.0,0.0,1.0
0.7314453125,0.0,0.0,0.3417966946726987,0.34426229508196726,0.0,1.0,0.0,0.0,1.0,0.0,1.0,0.0,0.0,1.0,0.0,0.0,0.0,0.0,0.0,1.0
0.84130859375,1.0,0.0,0.8036654048564306,0.30840163934426235,0.0,1.0,0.0,0.0,1.0,0.0,1.0,0.0,0.0,1.0,0.0,0.0,0.0,0.0,0.0,1.0
0.267578125,0.0,0.0,0.0317606869171822,0.33504098360655743,1.0,0.0,0.0,1.0,0.0,1.0,0.0,0.0,0.0,1.0,0.0,0.0,0.0,0.0,0.0,1.0
0.96337890625,0.0,0.0,0.06116702058904999,0.24795081967213117,1.0,0.0,0.0,0.0,1.0,0.0,1.0,0.0,0.0,1.0,0.0,0.0,0.0,0.0,0.0,1.0
0.54833984375,0.0,0.0,0.08378727725971746,0.22745901639344263,1.0,0.0,0.0,0.0,1.0,0.0,1.0,0.0,0.0,1.0,0.0,0.0,0.0,0.0,0.0,1.0
0.79248046875,0.0,0.0,0.08720339765487956,0.29405737704918034,1.0,0.0,0.0,0.0,1.0,0.0,1.0,0.0,0.0,1.0,0.0,0.0,0.0,0.0,0.0,1.0
0.70703125,0.0,0.0,0.18756347521004524,0.39446721311475413,0.0,1.0,0.0,1.0,0.0,1.0,0.0,1.0,0.0,0.0,0.0,0.0,0.0,0.0,0.0,1.0
0.76806640625,0.0,0.0,0.14029175514726255,0.27254098360655743,1.0,0.0,0.0,0.0,1.0,1.0,0.0,0.0,0.0,0.0,1.0,0.0,0.0,0.0,0.0,1.0
0.42626953125,0.0,0.0,0.27388976087157235,0.2581967213114754,1.0,0.0,0.0,0.0,1.0,0.0,1.0,0.0,0.0,0.0,1.0,0.0,0.0,0.0,0.0,1.0
0.8046875,0.0,0.0,0.6782845535961592,0.32479508196721313,1.0,0.0,0.0,0.0,1.0,0.0,1.0,0.0,0.0,1.0,0.0,0.0,0.0,0.0,0.0,1.0
0.57275390625,0.0,0.0,0.07524697627181243,0.35758196721311475,0.0,1.0,0.0,0.0,1.0,0.0,1.0,0.0,0.0,1.0,0.0,0.0,0.0,0.0,0.0,1.0
0.560546875,0.0,0.0,0.10926968885606136,0.43442622950819676,1.0,0.0,0.0,0.0,1.0,0.0,1.0,0.0,0.0,1.0,0.0,0.0,0.0,0.0,0.0,1.0
0.5849609375,0.0,1.0,0.2159080417320654,0.257172131147541,1.0,0.0,0.0,1.0,0.0,1.0,0.0,0.0,0.0,1.0,0.0,0.0,0.0,0.0,0.0,1.0
0.2919921875,1.0,0.0,0.2405133413350568,0.36168032786885246,1.0,0.0,0.0,1.0,0.0,0.0,1.0,0.0,0.0,1.0,0.0,0.0,0.0,0.0,0.0,1.0
0.51171875,0.0,0.0,0.2014587757363125,0.27049180327868855,1.0,0.0,0.0,0.0,1.0,0.0,1.0,0.0,0.0,0.0,1.0,0.0,0.0,0.0,0.0,1.0
0.79248046875,0.0,0.0,0.6581571415381774,0.29098360655737704,0.0,1.0,0.0,0.0,1.0,0.0,1.0,0.0,0.0,1.0,0.0,0.0,0.0,0.0,0.0,1.0
0.267578125,0.0,0.0,0.08484904440956514,0.42315573770491804,1.0,0.0,0.0,1.0,0.0,0.0,1.0,0.0,0.0,1.0,0.0,0.0,0.0,0.0,0.0,1.0
0.23095703125,0.0,0.0,0.07972486381682209,0.0,1.0,0.0,0.0,1.0,0.0,1.0,0.0,0.0,0.0,1.0,0.0,0.0,0.0,0.0,0.0,1.0
0.4384765625,1.0,0.0,0.26742683039423876,0.3176229508196722,0.0,1.0,0.0,1.0,0.0,0.0,1.0,1.0,0.0,0.0,0.0,0.0,0.0,0.0,0.0,1.0
0.6826171875,0.0,0.0,0.08877296648508909,0.27254098360655743,1.0,0.0,0.0,1.0,0.0,1.0,0.0,0.0,0.0,1.0,0.0,0.0,0.0,0.0,0.0,1.0
0.96337890625,0.0,1.0,0.15561813313636785,0.4129098360655738,0.0,1.0,0.0,0.0,1.0,0.0,1.0,0.0,0.0,0.0,1.0,0.0,0.0,0.0,0.0,1.0
0.4384765625,0.0,0.0,0.27255101098698176,0.21823770491803282,1.0,0.0,0.0,0.0,1.0,1.0,0.0,0.0,0.0,1.0,0.0,0.0,0.0,0.0,0.0,1.0
0.6337890625,0.0,0.0,0.6303203766965192,0.2674180327868853,0.0,1.0,0.0,0.0,1.0,1.0,0.0,0.0,0.0,1.0,0.0,0.0,0.0,0.0,0.0,1.0
0.52392578125,0.0,0.0,0.1901024836118549,0.2879098360655738,1.0,0.0,0.0,0.0,1.0,0.0,1.0,0.0,0.0,1.0,0.0,0.0,0.0,0.0,0.0,1.0
0.30419921875,0.0,0.0,0.17893084664389253,0.24897540983606561,0.0,1.0,0.0,0.0,1.0,1.0,0.0,0.0,0.0,1.0,0.0,0.0,0.0,0.0,0.0,1.0
0.609375,0.0,0.0,0.016526636506324466,0.39856557377049184,0.0,1.0,0.0,0.0,1.0,0.0,1.0,0.0,0.0,1.0,0.0,0.0,0.0,0.0,0.0,1.0
0.59716796875,0.0,0.0,0.43398578155294987,0.4395491803278689,1.0,0.0,0.0,0.0,1.0,0.0,1.0,0.0,0.0,0.0,1.0,0.0,0.0,0.0,0.0,1.0
0.81689453125,1.0,0.0,0.16106546025297763,0.3524590163934426,1.0,0.0,0.0,0.0,1.0,0.0,1.0,0.0,0.0,1.0,0.0,0.0,0.0,0.0,0.0,1.0
0.20654296875,0.0,0.0,0.06883020958360264,0.23668032786885249,1.0,0.0,0.0,1.0,0.0,1.0,0.0,0.0,0.0,1.0,0.0,0.0,0.0,0.0,0.0,1.0
0.86572265625,0.0,0.0,0.8963622934170435,0.3104508196721312,1.0,0.0,0.0,0.0,1.0,1.0,0.0,0.0,0.0,0.0,1.0,0.0,0.0,0.0,0.0,1.0
0.6826171875,0.0,0.0,0.19301080232665502,0.2561475409836066,0.0,1.0,0.0,0.0,1.0,0.0,1.0,0.0,0.0,1.0,0.0,0.0,0.0,0.0,0.0,1.0
0.96337890625,1.0,0.0,0.12902779060105252,0.27151639344262296,0.0,1.0,0.0,0.0,1.0,0.0,1.0,0.0,0.0,0.0,1.0,0.0,0.0,0.0,0.0,1.0
0.54833984375,1.0,0.0,0.1630043393961777,0.40676229508196726,0.0,1.0,0.0,0.0,1.0,0.0,1.0,0.0,0.0,0.0,1.0,0.0,0.0,0.0,0.0,1.0
0.37744140625,0.0,0.0,0.6992429138583696,0.42418032786885246,1.0,0.0,0.0,0.0,1.0,0.0,1.0,0.0,0.0,0.0,1.0,0.0,0.0,0.0,0.0,1.0
0.7314453125,0.0,0.0,0.11882559320469027,0.3176229508196722,1.0,0.0,0.0,0.0,1.0,0.0,1.0,1.0,0.0,0.0,0.0,0.0,0.0,0.0,0.0,1.0
0.4873046875,0.0,0.0,0.2732896316129628,0.2899590163934427,1.0,0.0,0.0,0.0,1.0,0.0,1.0,1.0,0.0,0.0,0.0,0.0,0.0,0.0,0.0,1.0
0.658203125,1.0,0.0,0.22758748038038967,0.3852459016393443,0.0,1.0,0.0,0.0,1.0,1.0,0.0,0.0,0.0,0.0,1.0,0.0,0.0,0.0,0.0,1.0
0.93896484375,0.0,0.0,0.22671036838703723,0.24385245901639346,1.0,0.0,0.0,0.0,1.0,1.0,0.0,0.0,0.0,0.0,1.0,0.0,0.0,0.0,0.0,1.0
0.59716796875,0.0,0.0,0.06149016711291666,0.23565573770491804,1.0,0.0,0.0,0.0,1.0,1.0,0.0,0.0,0.0,0.0,1.0,0.0,0.0,0.0,0.0,1.0
0.81689453125,0.0,0.0,0.05331917643800205,0.3586065573770492,0.0,1.0,0.0,0.0,1.0,0.0,1.0,1.0,0.0,0.0,0.0,0.0,0.0,0.0,0.0,1.0
0.2431640625,0.0,0.0,0.1565414089188441,0.0,1.0,0.0,0.0,1.0,0.0,0.0,1.0,0.0,0.0,1.0,0.0,0.0,0.0,0.0,0.0,1.0
0.76806640625,0.0,0.0,0.3771119933524144,0.23668032786885249,1.0,0.0,0.0,0.0,1.0,1.0,0.0,0.0,0.0,0.0,1.0,0.0,0.0,0.0,0.0,1.0
0.59716796875,0.0,0.0,0.11319361093158531,0.0,0.0,1.0,0.0,0.0,1.0,1.0,0.0,0.0,0.0,1.0,0.0,0.0,0.0,0.0,0.0,1.0
0.27978515625,0.0,0.0,0.10446865478718498,0.3975409836065574,0.0,1.0,0.0,1.0,0.0,0.0,1.0,0.0,0.0,1.0,0.0,0.0,0.0,0.0,0.0,1.0
0.8046875,0.0,0.0,0.8880066475856337,0.3432377049180328,0.0,1.0,0.0,0.0,1.0,0.0,1.0,0.0,0.0,1.0,0.0,0.0,0.0,0.0,0.0,1.0
0.71923828125,0.0,0.0,0.7426830394238759,0.37602459016393447,0.0,1.0,0.0,0.0,1.0,0.0,1.0,1.0,0.0,0.0,0.0,0.0,0.0,0.0,0.0,1.0
0.86572265625,1.0,0.0,0.3455359615917275,0.4528688524590165,1.0,0.0,0.0,0.0,1.0,0.0,1.0,0.0,0.0,1.0,0.0,0.0,0.0,0.0,0.0,1.0
0.8291015625,0.0,0.0,0.1857630874342166,0.22028688524590165,1.0,0.0,0.0,0.0,1.0,1.0,0.0,0.0,0.0,1.0,0.0,0.0,0.0,0.0,0.0,1.0
0.91455078125,0.0,0.0,0.7583325639368478,0.3422131147540984,1.0,0.0,0.0,0.0,1.0,1.0,0.0,1.0,0.0,0.0,0.0,0.0,0.0,0.0,0.0,1.0
0.59716796875,0.0,0.0,0.7633182531622195,0.3729508196721312,0.0,1.0,0.0,0.0,1.0,1.0,0.0,0.0,0.0,0.0,1.0,0.0,0.0,0.0,0.0,1.0
1.0,0.0,0.0,0.16023451204874894,0.2530737704918033,0.0,1.0,0.0,0.0,1.0,0.0,1.0,0.0,0.0,1.0,0.0,0.0,0.0,0.0,0.0,1.0
0.32861328125,0.0,0.0,0.0756162865848029,0.4129098360655738,1.0,0.0,0.0,0.0,1.0,0.0,1.0,0.0,0.0,1.0,0.0,0.0,0.0,0.0,0.0,1.0
0.69482421875,0.0,0.0,0.07658572615640291,0.3606557377049181,0.0,1.0,0.0,0.0,1.0,0.0,1.0,1.0,0.0,0.0,0.0,0.0,0.0,0.0,0.0,1.0
0.6826171875,0.0,0.0,0.2681192872310959,0.396516393442623,1.0,0.0,0.0,0.0,1.0,0.0,1.0,0.0,0.0,1.0,0.0,0.0,0.0,0.0,0.0,1.0
0.6337890625,1.0,0.0,0.2597174776105623,0.0,1.0,0.0,0.0,0.0,1.0,1.0,0.0,0.0,0.0,0.0,1.0,0.0,0.0,0.0,0.0,1.0
0.21875,0.0,0.0,0.08387960483796514,0.2879098360655738,1.0,0.0,0.0,1.0,0.0,1.0,0.0,0.0,0.0,1.0,0.0,0.0,0.0,0.0,0.0,1.0
0.76806640625,0.0,0.0,0.04888745268211614,0.29918032786885246,1.0,0.0,0.0,0.0,1.0,0.0,1.0,0.0,0.0,0.0,1.0,0.0,0.0,0.0,0.0,1.0
0.84130859375,0.0,1.0,0.6611116240421014,0.43750000000000006,1.0,0.0,0.0,1.0,0.0,0.0,1.0,0.0,0.0,1.0,0.0,0.0,0.0,0.0,0.0,1.0
0.89013671875,0.0,0.0,0.11296279198596626,0.32172131147540983,0.0,1.0,0.0,1.0,0.0,1.0,0.0,1.0,0.0,0.0,0.0,0.0,0.0,0.0,0.0,1.0
0.658203125,0.0,0.0,0.6989197673345029,0.3627049180327869,0.0,1.0,0.0,0.0,1.0,1.0,0.0,0.0,0.0,1.0,0.0,0.0,0.0,0.0,0.0,1.0
0.76806640625,0.0,0.0,0.13793740190194814,0.27049180327868855,1.0,0.0,0.0,0.0,1.0,1.0,0.0,0.0,0.0,1.0,0.0,0.0,0.0,0.0,0.0,1.0
0.89013671875,0.0,0.0,0.2094451112547318,0.24282786885245902,1.0,0.0,0.0,0.0,1.0,0.0,1.0,0.0,0.0,0.0,1.0,0.0,0.0,0.0,0.0,1.0
0.609375,1.0,0.0,0.1136090850336996,0.2612704918032787,0.0,1.0,0.0,0.0,1.0,1.0,0.0,1.0,0.0,0.0,0.0,0.0,0.0,0.0,0.0,1.0
0.9755859375,0.0,1.0,0.19975071553873142,0.22745901639344263,1.0,0.0,0.0,0.0,1.0,1.0,0.0,0.0,0.0,0.0,1.0,0.0,0.0,0.0,0.0,1.0
0.7802734375,0.0,0.0,0.3366263502908319,0.34836065573770497,1.0,0.0,0.0,0.0,1.0,1.0,0.0,0.0,0.0,0.0,1.0,0.0,0.0,0.0,0.0,1.0
0.30419921875,0.0,0.0,0.049164435416859,0.24282786885245902,0.0,1.0,0.0,1.0,0.0,1.0,0.0,0.0,0.0,1.0,0.0,0.0,0.0,0.0,0.0,1.0
0.32861328125,0.0,0.0,0.49141353522297104,0.26331967213114754,1.0,0.0,0.0,0.0,1.0,0.0,1.0,0.0,0.0,1.0,0.0,0.0,0.0,0.0,0.0,1.0
0.35302734375,0.0,0.0,0.14509278921613888,0.30532786885245905,1.0,0.0,0.0,1.0,0.0,1.0,0.0,0.0,0.0,1.0,0.0,0.0,0.0,0.0,0.0,1.0
0.49951171875,0.0,0.0,0.3654787184932139,0.27459016393442626,1.0,0.0,0.0,0.0,1.0,1.0,0.0,0.0,0.0,1.0,0.0,0.0,0.0,0.0,0.0,1.0
0.40185546875,0.0,0.0,0.08503369956606044,0.37500000000000006,1.0,0.0,0.0,0.0,1.0,1.0,0.0,1.0,0.0,0.0,0.0,0.0,0.0,0.0,0.0,1.0
0.37744140625,0.0,0.0,0.1869633459514357,0.3278688524590164,0.0,1.0,0.0,1.0,0.0,1.0,0.0,0.0,0.0,1.0,0.0,0.0,0.0,0.0,0.0,1.0
0.70703125,0.0,0.0,0.20912196473086514,0.4047131147540984,1.0,0.0,0.0,0.0,1.0,1.0,0.0,0.0,0.0,1.0,0.0,0.0,0.0,0.0,0.0,1.0
0.6337890625,1.0,0.0,0.465054011633275,0.27868852459016397,1.0,0.0,0.0,0.0,1.0,0.0,1.0,0.0,0.0,1.0,0.0,0.0,0.0,0.0,0.0,1.0
0.365234375,0.0,0.0,0.050272366355830544,0.26946721311475413,0.0,1.0,0.0,0.0,1.0,1.0,0.0,1.0,0.0,0.0,0.0,0.0,0.0,0.0,0.0,1.0
0.57275390625,0.0,0.0,0.14712399593758657,0.2961065573770492,1.0,0.0,0.0,0.0,1.0,0.0,1.0,0.0,0.0,1.0,0.0,0.0,0.0,0.0,0.0,1.0
0.37744140625,0.0,0.0,0.02280491182716282,0.2612704918032787,1.0,0.0,0.0,0.0,1.0,0.0,1.0,0.0,0.0,1.0,0.0,0.0,0.0,0.0,0.0,1.0
0.57275390625,0.0,0.0,0.22888006647585635,0.21209016393442623,1.0,0.0,0.0,0.0,1.0,0.0,1.0,0.0,0.0,1.0,0.0,0.0,0.0,0.0,0.0,1.0
0.4384765625,0.0,0.0,0.1980888191302742,0.22643442622950824,0.0,1.0,0.0,0.0,1.0,0.0,1.0,0.0,0.0,1.0,0.0,0.0,0.0,0.0,0.0,1.0
0.951171875,1.0,1.0,0.17440679530975906,0.3114754098360656,0.0,1.0,0.0,1.0,0.0,0.0,1.0,0.0,0.0,0.0,1.0,0.0,0.0,0.0,0.0,1.0
0.7314453125,0.0,0.0,0.27338195919121044,0.3104508196721312,1.0,0.0,0.0,0.0,1.0,0.0,1.0,0.0,0.0,1.0,0.0,0.0,0.0,0.0,0.0,1.0
0.6826171875,0.0,0.0,0.7936478626165636,0.23565573770491804,1.0,0.0,0.0,0.0,1.0,1.0,0.0,0.0,0.0,1.0,0.0,0.0,0.0,0.0,0.0,1.0
0.79248046875,0.0,0.0,0.1354907210783861,0.5399590163934427,1.0,0.0,0.0,0.0,1.0,0.0,1.0,1.0,0.0,0.0,0.0,0.0,0.0,0.0,0.0,1.0
0.47509765625,0.0,0.0,0.11776382605484259,0.36885245901639346,1.0,0.0,0.0,0.0,1.0,0.0,1.0,0.0,0.0,1.0,0.0,0.0,0.0,0.0,0.0,1.0
0.7314453125,1.0,0.0,0.18871756993814054,0.4559426229508197,1.0,0.0,0.0,1.0,0.0,0.0,1.0,0.0,0.0,1.0,0.0,0.0,0.0,0.0,0.0,1.0
0.31640625,0.0,0.0,0.15769550364693935,0.2223360655737705,1.0,0.0,0.0,1.0,0.0,0.0,1.0,0.0,0.0,1.0,0.0,0.0,0.0,0.0,0.0,1.0
0.951171875,0.0,0.0,0.32900932508540304,0.21823770491803282,0.0,1.0,0.0,0.0,1.0,1.0,0.0,0.0,0.0,0.0,1.0,0.0,0.0,0.0,0.0,1.0
0.3896484375,0.0,0.0,0.17062136460160648,0.29098360655737704,0.0,1.0,0.0,0.0,1.0,0.0,1.0,0.0,0.0,1.0,0.0,0.0,0.0,0.0,0.0,1.0
0.951171875,0.0,1.0,0.8706952266642046,0.0,0.0,1.0,0.0,0.0,1.0,0.0,1.0,0.0,0.0,0.0,1.0,0.0,0.0,0.0,0.0,1.0
0.5361328125,0.0,0.0,0.33279475579355555,0.30532786885245905,1.0,0.0,0.0,1.0,0.0,0.0,1.0,0.0,0.0,1.0,0.0,0.0,0.0,0.0,0.0,1.0
0.609375,0.0,0.0,0.488505216508171,0.27356557377049184,0.0,1.0,0.0,1.0,0.0,0.0,1.0,0.0,0.0,1.0,0.0,0.0,0.0,0.0,0.0,1.0
0.70703125,0.0,0.0,0.33330255747391746,0.33913934426229514,1.0,0.0,0.0,0.0,1.0,1.0,0.0,0.0,0.0,1.0,0.0,0.0,0.0,0.0,0.0,1.0
0.3408203125,0.0,0.0,0.09408180223432744,0.2766393442622951,0.0,1.0,0.0,1.0,0.0,0.0,1.0,0.0,0.0,1.0,0.0,0.0,0.0,0.0,0.0,1.0
0.67041015625,1.0,0.0,0.5213738343643246,0.2407786885245902,0.0,1.0,0.0,0.0,1.0,0.0,1.0,0.0,0.0,1.0,0.0,0.0,0.0,0.0,0.0,1.0
0.89013671875,0.0,1.0,0.03379189363862989,0.2581967213114754,0.0,1.0,0.0,0.0,1.0,1.0,0.0,0.0,0.0,1.0,0.0,0.0,0.0,0.0,0.0,1.0
0.462890625,0.0,0.0,0.13475210045240515,0.2653688524590164,1.0,0.0,0.0,0.0,1.0,1.0,0.0,0.0,0.0,1.0,0.0,0.0,0.0,0.0,0.0,1.0
0.2431640625,0.0,0.0,0.19190287138768353,0.2807377049180328,1.0,0.0,0.0,1.0,0.0,1.0,0.0,0.0,0.0,1.0,0.0,0.0,0.0,0.0,0.0,1.0
0.86572265625,1.0,0.0,0.2328039885513803,0.0,1.0,0.0,0.0,0.0,1.0,0.0,1.0,0.0,0.0,1.0,0.0,0.0,0.0,0.0,0.0,1.0
0.25537109375,0.0,0.0,0.15312528852368207,0.37500000000000006,0.0,1.0,0.0,1.0,0.0,1.0,0.0,0.0,0.0,1.0,0.0,0.0,0.0,0.0,0.0,1.0
0.86572265625,0.0,1.0,0.7413904533284091,0.40163934426229514,0.0,1.0,0.0,0.0,1.0,0.0,1.0,0.0,0.0,1.0,0.0,0.0,0.0,0.0,0.0,1.0
0.5849609375,1.0,0.0,0.5448250392392207,0.37909836065573776,0.0,1.0,0.0,0.0,1.0,0.0,1.0,0.0,0.0,1.0,0.0,0.0,0.0,0.0,0.0,1.0
0.3408203125,0.0,0.0,0.1801772689502355,0.23668032786885249,1.0,0.0,0.0,0.0,1.0,1.0,0.0,0.0,0.0,1.0,0.0,0.0,0.0,0.0,0.0,1.0
0.71923828125,0.0,0.0,0.6755147262487304,0.4487704918032787,1.0,0.0,0.0,0.0,1.0,1.0,0.0,0.0,0.0,0.0,1.0,0.0,0.0,0.0,0.0,1.0
0.84130859375,0.0,0.0,0.2601791155018004,0.37909836065573776,1.0,0.0,0.0,0.0,1.0,0.0,1.0,0.0,0.0,1.0,0.0,0.0,0.0,0.0,0.0,1.0
0.560546875,0.0,0.0,0.008170990674914613,0.24385245901639346,1.0,0.0,0.0,0.0,1.0,0.0,1.0,1.0,0.0,0.0,0.0,0.0,0.0,0.0,0.0,1.0
0.7314453125,0.0,0.0,0.12944326470316686,0.30430327868852464,1.0,0.0,0.0,0.0,1.0,1.0,0.0,0.0,0.0,1.0,0.0,0.0,0.0,0.0,0.0,1.0
0.64599609375,0.0,0.0,0.1500323146523867,0.3452868852459017,1.0,0.0,0.0,0.0,1.0,1.0,0.0,1.0,0.0,0.0,0.0,0.0,0.0,0.0,0.0,1.0
0.27978515625,0.0,0.0,0.18714800110793095,0.20389344262295084,1.0,0.0,0.0,1.0,0.0,1.0,0.0,0.0,0.0,1.0,0.0,0.0,0.0,0.0,0.0,1.0
0.609375,0.0,0.0,0.061351675745545176,0.24487704918032788,1.0,0.0,0.0,0.0,1.0,1.0,0.0,0.0,0.0,1.0,0.0,0.0,0.0,0.0,0.0,1.0
0.57275390625,0.0,0.0,0.08475671683131758,0.35758196721311475,0.0,1.0,0.0,0.0,1.0,0.0,1.0,1.0,0.0,0.0,0.0,0.0,0.0,0.0,0.0,1.0
0.21875,0.0,0.0,0.2122149386021605,0.1977459016393443,1.0,0.0,0.0,1.0,0.0,1.0,0.0,0.0,0.0,1.0,0.0,0.0,0.0,0.0,0.0,1.0
0.51171875,0.0,0.0,0.06864555442710735,0.4713114754098361,1.0,0.0,0.0,0.0,1.0,1.0,0.0,0.0,0.0,1.0,0.0,0.0,0.0,0.0,0.0,1.0
0.35302734375,0.0,0.0,0.21826239497737976,0.27561475409836067,0.0,1.0,0.0,0.0,1.0,0.0,1.0,1.0,0.0,0.0,0.0,0.0,0.0,0.0,0.0,1.0
0.6337890625,0.0,0.0,0.1483704182439295,0.41086065573770497,0.0,1.0,0.0,0.0,1.0,1.0,0.0,1.0,0.0,0.0,0.0,0.0,0.0,0.0,0.0,1.0
0.6337890625,0.0,0.0,0.05715077093527837,0.2838114754098361,0.0,1.0,0.0,0.0,1.0,0.0,1.0,1.0,0.0,0.0,0.0,0.0,0.0,0.0,0.0,1.0
0.74365234375,0.0,0.0,0.23492752285107565,0.34836065573770497,1.0,0.0,0.0,0.0,1.0,0.0,1.0,1.0,0.0,0.0,0.0,0.0,0.0,0.0,0.0,1.0
0.30419921875,0.0,0.0,0.2217246791616656,0.21516393442622953,1.0,0.0,0.0,1.0,0.0,1.0,0.0,1.0,0.0,0.0,0.0,0.0,0.0,0.0,0.0,1.0
0.658203125,0.0,0.0,0.7968793278552303,0.3422131147540984,0.0,1.0,0.0,0.0,1.0,1.0,0.0,0.0,0.0,1.0,0.0,0.0,0.0,0.0,0.0,1.0
0.462890625,0.0,0.0,0.20741390453328412,0.21311475409836067,1.0,0.0,0.0,0.0,1.0,1.0,0.0,0.0,0.0,1.0,0.0,0.0,0.0,0.0,0.0,1.0
0.54833984375,0.0,0.0,0.2253716185024467,0.33299180327868855,1.0,0.0,0.0,1.0,0.0,1.0,0.0,0.0,0.0,1.0,0.0,0.0,0.0,0.0,0.0,1.0
0.47509765625,0.0,0.0,0.08849598375034629,0.3002049180327869,0.0,1.0,0.0,0.0,1.0,0.0,1.0,0.0,0.0,0.0,1.0,0.0,0.0,0.0,0.0,1.0
0.4140625,0.0,0.0,0.22301726525713234,0.4467213114754099,1.0,0.0,0.0,1.0,0.0,1.0,0.0,0.0,0.0,1.0,0.0,0.0,0.0,0.0,0.0,1.0
0.609375,1.0,1.0,0.11388606776844246,0.26229508196721313,1.0,0.0,0.0,1.0,0.0,0.0,1.0,1.0,0.0,0.0,0.0,0.0,0.0,0.0,0.0,1.0
0.37744140625,0.0,0.0,0.15691071923183458,0.5317622950819673,1.0,0.0,0.0,1.0,0.0,0.0,1.0,0.0,0.0,1.0,0.0,0.0,0.0,0.0,0.0,1.0
0.70703125,0.0,0.0,0.20639830117256025,0.3719262295081967,0.0,1.0,0.0,0.0,1.0,1.0,0.0,0.0,0.0,0.0,1.0,0.0,0.0,0.0,0.0,1.0
0.27978515625,0.0,0.0,0.2096759302003509,0.22643442622950824,1.0,0.0,0.0,1.0,0.0,0.0,1.0,0.0,0.0,1.0,0.0,0.0,0.0,0.0,0.0,1.0
0.32861328125,0.0,0.0,0.2573631243652479,0.30225409836065575,0.0,1.0,0.0,1.0,0.0,1.0,0.0,0.0,0.0,0.0,1.0,0.0,0.0,0.0,0.0,1.0
0.71923828125,1.0,0.0,0.5898808974240606,0.3524590163934426,0.0,1.0,0.0,0.0,1.0,0.0,1.0,0.0,0.0,0.0,1.0,0.0,0.0,0.0,0.0,1.0
0.52392578125,0.0,0.0,0.25528575385467644,0.334016393442623,1.0,0.0,0.0,0.0,1.0,0.0,1.0,0.0,0.0,1.0,0.0,0.0,0.0,0.0,0.0,1.0
0.658203125,0.0,0.0,0.17182162311882565,0.30122950819672134,0.0,1.0,0.0,0.0,1.0,0.0,1.0,0.0,0.0,1.0,0.0,0.0,0.0,0.0,0.0,1.0
0.462890625,0.0,0.0,0.7498384267380668,0.0,1.0,0.0,0.0,0.0,1.0,1.0,0.0,0.0,0.0,1.0,0.0,0.0,0.0,0.0,0.0,1.0
0.3896484375,0.0,0.0,0.4871203028344566,0.20901639344262296,0.0,1.0,0.0,0.0,1.0,0.0,1.0,0.0,0.0,0.0,1.0,0.0,0.0,0.0,0.0,1.0
0.51171875,0.0,0.0,0.13609085033699564,0.2766393442622951,1.0,0.0,0.0,0.0,1.0,1.0,0.0,0.0,0.0,1.0,0.0,0.0,0.0,0.0,0.0,1.0
0.4873046875,0.0,0.0,0.4792262948942849,0.3206967213114755,1.0,0.0,0.0,1.0,0.0,1.0,0.0,0.0,0.0,1.0,0.0,0.0,0.0,0.0,0.0,1.0
0.57275390625,0.0,0.0,0.012187240328686177,0.34016393442622955,0.0,1.0,0.0,0.0,1.0,1.0,0.0,0.0,0.0,1.0,0.0,0.0,0.0,0.0,0.0,1.0
0.6826171875,0.0,0.0,0.12464223063429053,0.33299180327868855,1.0,0.0,0.0,0.0,1.0,0.0,1.0,0.0,0.0,1.0,0.0,0.0,0.0,0.0,0.0,1.0
0.2431640625,0.0,0.0,0.15395623672791064,0.2879098360655738,0.0,1.0,0.0,1.0,0.0,1.0,0.0,0.0,0.0,1.0,0.0,0.0,0.0,0.0,0.0,1.0
0.9755859375,0.0,1.0,0.12598098051888101,0.26946721311475413,0.0,1.0,0.0,0.0,1.0,1.0,0.0,0.0,0.0,1.0,0.0,0.0,0.0,0.0,0.0,1.0
0.609375,0.0,0.0,0.17722278644631156,0.3165983606557377,1.0,0.0,0.0,0.0,1.0,0.0,1.0,0.0,0.0,1.0,0.0,0.0,0.0,0.0,0.0,1.0
0.9267578125,0.0,0.0,0.016295817560705417,0.26229508196721313,0.0,1.0,0.0,0.0,1.0,0.0,1.0,0.0,0.0,1.0,0.0,0.0,0.0,0.0,0.0,1.0
0.52392578125,0.0,0.0,0.4016249653771582,0.29098360655737704,1.0,0.0,0.0,0.0,1.0,1.0,0.0,0.0,0.0,1.0,0.0,0.0,0.0,0.0,0.0,1.0
0.853515625,1.0,0.0,0.2940171729295541,0.26639344262295084,0.0,1.0,0.0,0.0,1.0,1.0,0.0,0.0,0.0,0.0,1.0,0.0,0.0,0.0,0.0,1.0
0.2919921875,0.0,0.0,0.13405964361554795,0.3842213114754099,0.0,1.0,0.0,1.0,0.0,0.0,1.0,0.0,0.0,1.0,0.0,0.0,0.0,0.0,0.0,1.0
0.49951171875,0.0,0.0,0.10903886991044226,0.4334016393442623,1.0,0.0,0.0,0.0,1.0,0.0,1.0,0.0,0.0,1.0,0.0,0.0,0.0,0.0,0.0,1.0
0.35302734375,0.0,0.0,0.18267011356292123,0.29098360655737704,0.0,1.0,0.0,1.0,0.0,1.0,0.0,0.0,0.0,1.0,0.0,0.0,0.0,0.0,0.0,1.0
0.42626953125,0.0,0.0,0.004616378912381147,0.24795081967213117,1.0,0.0,0.0,0.0,1.0,1.0,0.0,1.0,0.0,0.0,0.0,0.0,0.0,0.0,0.0,1.0
0.91455078125,1.0,0.0,0.6632351583417967,0.0,0.0,1.0,0.0,0.0,1.0,1.0,0.0,0.0,0.0,1.0,0.0,0.0,0.0,0.0,0.0,1.0
0.462890625,0.0,0.0,0.06813775274674544,0.2858606557377049,0.0,1.0,0.0,0.0,1.0,1.0,0.0,1.0,0.0,0.0,0.0,0.0,0.0,0.0,0.0,1.0
0.4140625,0.0,0.0,0.07764749330625059,0.32172131147540983,0.0,1.0,0.0,0.0,1.0,1.0,0.0,0.0,0.0,1.0,0.0,0.0,0.0,0.0,0.0,1.0
0.4873046875,0.0,0.0,0.1300895577509002,0.3278688524590164,1.0,0.0,0.0,0.0,1.0,1.0,0.0,0.0,0.0,1.0,0.0,0.0,0.0,0.0,0.0,1.0
0.40185546875,1.0,0.0,0.19735019850429325,0.0,1.0,0.0,0.0,1.0,0.0,1.0,0.0,0.0,0.0,1.0,0.0,0.0,0.0,0.0,0.0,1.0
0.47509765625,0.0,0.0,0.16955959745175886,0.2530737704918033,0.0,1.0,0.0,0.0,1.0,1.0,0.0,0.0,0.0,1.0,0.0,0.0,0.0,0.0,0.0,1.0
0.40185546875,0.0,0.0,0.23114209214292308,0.5133196721311476,0.0,1.0,0.0,0.0,1.0,0.0,1.0,0.0,0.0,1.0,0.0,0.0,0.0,0.0,0.0,1.0
0.79248046875,0.0,0.0,0.19245683685716924,0.4221311475409837,0.0,1.0,0.0,0.0,1.0,0.0,1.0,0.0,0.0,1.0,0.0,0.0,0.0,0.0,0.0,1.0
0.560546875,0.0,0.0,0.2615640291755148,0.40368852459016397,0.0,1.0,0.0,0.0,1.0,1.0,0.0,0.0,0.0,1.0,0.0,0.0,0.0,0.0,0.0,1.0
0.6826171875,0.0,0.0,0.22089373095743697,0.0,1.0,0.0,0.0,0.0,1.0,0.0,1.0,0.0,0.0,1.0,0.0,0.0,0.0,0.0,0.0,1.0
0.76806640625,0.0,1.0,0.8532453143754039,0.3299180327868853,1.0,0.0,0.0,0.0,1.0,1.0,0.0,0.0,0.0,0.0,1.0,0.0,0.0,0.0,0.0,1.0
0.27978515625,0.0,0.0,0.03157603176068696,0.2254098360655738,0.0,1.0,0.0,1.0,0.0,0.0,1.0,0.0,0.0,1.0,0.0,0.0,0.0,0.0,0.0,1.0
0.93896484375,0.0,0.0,0.02608254085495343,0.23565573770491804,0.0,1.0,0.0,0.0,1.0,0.0,1.0,0.0,0.0,0.0,1.0,0.0,0.0,0.0,0.0,1.0
0.31640625,1.0,0.0,0.24222140153263783,0.33913934426229514,1.0,0.0,0.0,0.0,1.0,0.0,1.0,0.0,0.0,1.0,0.0,0.0,0.0,0.0,0.0,1.0
0.20654296875,0.0,0.0,0.1504939525436248,0.2653688524590164,1.0,0.0,0.0,1.0,0.0,0.0,1.0,0.0,0.0,1.0,0.0,0.0,0.0,0.0,0.0,1.0
0.91455078125,0.0,0.0,0.07206167482226944,0.27356557377049184,0.0,1.0,0.0,0.0,1.0,1.0,0.0,0.0,0.0,1.0,0.0,0.0,0.0,0.0,0.0,1.0
0.64599609375,0.0,0.0,0.1862708891145785,0.26639344262295084,0.0,1.0,0.0,0.0,1.0,1.0,0.0,0.0,0.0,1.0,0.0,0.0,0.0,0.0,0.0,1.0
0.67041015625,1.0,1.0,0.04524051334133511,0.32889344262295084,0.0,1.0,0.0,0.0,1.0,1.0,0.0,0.0,0.0,1.0,0.0,0.0,0.0,0.0,0.0,1.0
0.62158203125,0.0,0.0,0.18862524235989292,0.41086065573770497,1.0,0.0,0.0,0.0,1.0,0.0,1.0,0.0,0.0,1.0,0.0,0.0,0.0,0.0,0.0,1.0
0.47509765625,0.0,0.0,0.21877019665774172,0.27254098360655743,1.0,0.0,0.0,0.0,1.0,1.0,0.0,0.0,0.0,1.0,0.0,0.0,0.0,0.0,0.0,1.0
0.658203125,0.0,0.0,0.19614993998707414,0.32889344262295084,1.0,0.0,0.0,0.0,1.0,1.0,0.0,0.0,0.0,1.0,0.0,0.0,0.0,0.0,0.0,1.0
0.31640625,0.0,0.0,0.12381128243006184,0.26639344262295084,1.0,0.0,0.0,1.0,0.0,0.0,1.0,0.0,0.0,1.0,0.0,0.0,0.0,0.0,0.0,1.0
0.62158203125,0.0,0.0,0.17754593297017818,0.3606557377049181,0.0,1.0,0.0,0.0,1.0,1.0,0.0,0.0,0.0,0.0,1.0,0.0,0.0,0.0,0.0,1.0
0.51171875,0.0,0.0,0.24332933247160926,0.36168032786885246,0.0,1.0,0.0,0.0,1.0,1.0,0.0,0.0,0.0,1.0,0.0,0.0,0.0,0.0,0.0,1.0
0.74365234375,0.0,0.0,0.20418243929461727,0.2674180327868853,1.0,0.0,0.0,0.0,1.0,1.0,0.0,0.0,0.0,1.0,0.0,0.0,0.0,0.0,0.0,1.0
0.42626953125,0.0,0.0,0.11836395531345217,0.2950819672131148,1.0,0.0,0.0,0.0,1.0,0.0,1.0,0.0,0.0,1.0,0.0,0.0,0.0,0.0,0.0,1.0
0.54833984375,0.0,0.0,0.09292770750623214,0.2827868852459017,0.0,1.0,0.0,0.0,1.0,1.0,0.0,0.0,0.0,0.0,1.0,0.0,0.0,0.0,0.0,1.0
0.59716796875,1.0,0.0,0.005770473640476448,0.40368852459016397,1.0,0.0,0.0,0.0,1.0,0.0,1.0,1.0,0.0,0.0,0.0,0.0,0.0,0.0,0.0,1.0
0.47509765625,0.0,0.0,0.16245037392669193,0.2827868852459017,1.0,0.0,0.0,0.0,1.0,0.0,1.0,0.0,0.0,1.0,0.0,0.0,0.0,0.0,0.0,1.0
0.365234375,0.0,0.0,0.12062598098051891,0.2797131147540984,0.0,1.0,0.0,0.0,1.0,0.0,1.0,0.0,0.0,1.0,0.0,0.0,0.0,0.0,0.0,1.0
0.69482421875,0.0,0.0,0.14763179761794848,0.4948770491803279,1.0,0.0,0.0,0.0,1.0,1.0,0.0,1.0,0.0,0.0,0.0,0.0,0.0,0.0,0.0,1.0
0.81689453125,1.0,0.0,0.14015326377989107,0.0,1.0,0.0,0.0,0.0,1.0,1.0,0.0,0.0,0.0,1.0,0.0,0.0,0.0,0.0,0.0,1.0
0.40185546875,0.0,0.0,0.16415843412427295,0.32479508196721313,0.0,1.0,0.0,0.0,1.0,0.0,1.0,0.0,0.0,0.0,1.0,0.0,0.0,0.0,0.0,1.0
0.4140625,0.0,0.0,0.11393223155756627,0.3831967213114754,1.0,0.0,0.0,0.0,1.0,0.0,1.0,0.0,0.0,1.0,0.0,0.0,0.0,0.0,0.0,1.0
0.755859375,1.0,0.0,0.09537438832979411,0.0,1.0,0.0,0.0,0.0,1.0,0.0,1.0,0.0,0.0,0.0,1.0,0.0,0.0,0.0,0.0,1.0
0.47509765625,0.0,0.0,0.1280121872403287,0.2346311475409836,1.0,0.0,0.0,0.0,1.0,0.0,1.0,0.0,0.0,0.0,1.0,0.0,0.0,0.0,0.0,1.0
0.93896484375,1.0,1.0,0.11910257593943313,0.2961065573770492,0.0,1.0,0.0,0.0,1.0,0.0,1.0,0.0,0.0,0.0,1.0,0.0,0.0,0.0,0.0,1.0
0.9267578125,0.0,0.0,0.980934355091866,0.2858606557377049,1.0,0.0,0.0,0.0,1.0,0.0,1.0,0.0,0.0,0.0,1.0,0.0,0.0,0.0,0.0,1.0
0.3896484375,0.0,0.0,0.12930477333579538,0.3278688524590164,0.0,1.0,0.0,0.0,1.0,1.0,0.0,0.0,0.0,1.0,0.0,0.0,0.0,0.0,0.0,1.0
0.35302734375,0.0,0.0,0.11148555073400424,0.29713114754098363,1.0,0.0,0.0,1.0,0.0,1.0,0.0,0.0,0.0,1.0,0.0,0.0,0.0,0.0,0.0,1.0
0.64599609375,0.0,0.0,0.2681654510202197,0.2930327868852459,0.0,1.0,0.0,0.0,1.0,0.0,1.0,0.0,0.0,1.0,0.0,0.0,0.0,0.0,0.0,1.0
0.51171875,0.0,0.0,0.08424891515095562,0.0,1.0,0.0,0.0,0.0,1.0,0.0,1.0,0.0,0.0,1.0,0.0,0.0,0.0,0.0,0.0,1.0
0.74365234375,0.0,0.0,0.278367648416582,0.1711065573770492,1.0,0.0,0.0,0.0,1.0,0.0,1.0,0.0,0.0,1.0,0.0,0.0,0.0,0.0,0.0,1.0
0.52392578125,0.0,0.0,0.22818760963899914,0.24487704918032788,1.0,0.0,0.0,0.0,1.0,0.0,1.0,1.0,0.0,0.0,0.0,0.0,0.0,0.0,0.0,1.0
0.54833984375,0.0,0.0,0.12418059274305238,0.42827868852459017,1.0,0.0,0.0,0.0,1.0,0.0,1.0,1.0,0.0,0.0,0.0,0.0,0.0,0.0,0.0,1.0
0.69482421875,1.0,0.0,0.03970085864647771,0.3668032786885246,1.0,0.0,0.0,0.0,1.0,1.0,0.0,0.0,0.0,0.0,1.0,0.0,0.0,0.0,0.0,1.0
0.4384765625,0.0,0.0,0.4887821992429139,0.29713114754098363,0.0,1.0,0.0,0.0,1.0,1.0,0.0,0.0,0.0,1.0,0.0,0.0,0.0,0.0,0.0,1.0
0.3896484375,0.0,0.0,0.04108577232019206,0.24385245901639346,0.0,1.0,0.0,0.0,1.0,0.0,1.0,0.0,0.0,1.0,0.0,0.0,0.0,0.0,0.0,1.0
0.89013671875,0.0,0.0,0.8139137660419168,0.23565573770491804,0.0,1.0,0.0,0.0,1.0,1.0,0.0,0.0,0.0,0.0,1.0,0.0,0.0,0.0,0.0,1.0
0.2919921875,0.0,0.0,0.08614163050503187,0.2192622950819672,0.0,1.0,0.0,0.0,1.0,1.0,0.0,0.0,0.0,1.0,0.0,0.0,0.0,0.0,0.0,1.0
0.8291015625,0.0,0.0,0.1280121872403287,0.0,1.0,0.0,0.0,1.0,0.0,0.0,1.0,0.0,0.0,1.0,0.0,0.0,0.0,0.0,0.0,1.0
0.6826171875,0.0,0.0,0.1259348167297572,0.3165983606557377,0.0,1.0,0.0,0.0,1.0,1.0,0.0,0.0,0.0,1.0,0.0,0.0,0.0,0.0,0.0,1.0
0.47509765625,0.0,0.0,0.13415197119379563,0.0,0.0,1.0,0.0,0.0,1.0,1.0,0.0,0.0,0.0,1.0,0.0,0.0,0.0,0.0,0.0,1.0
0.5361328125,0.0,0.0,0.06513710645369775,0.29405737704918034,0.0,1.0,0.0,0.0,1.0,1.0,0.0,1.0,0.0,0.0,0.0,0.0,0.0,0.0,0.0,1.0
0.2919921875,0.0,0.0,0.22310959283537996,0.257172131147541,0.0,1.0,0.0,0.0,1.0,0.0,1.0,0.0,0.0,1.0,0.0,0.0,0.0,0.0,0.0,1.0
0.658203125,0.0,1.0,0.16240421013756812,0.3155737704918033,0.0,1.0,0.0,0.0,1.0,0.0,1.0,1.0,0.0,0.0,0.0,0.0,0.0,0.0,0.0,1.0
0.267578125,0.0,0.0,0.14832425445480568,0.2551229508196721,1.0,0.0,0.0,1.0,0.0,0.0,1.0,1.0,0.0,0.0,0.0,0.0,0.0,0.0,0.0,1.0
0.2919921875,0.0,0.0,0.1535407626257963,0.2059426229508197,0.0,1.0,0.0,1.0,0.0,0.0,1.0,0.0,0.0,1.0,0.0,0.0,0.0,0.0,0.0,1.0
0.31640625,0.0,0.0,0.08586464777028902,0.2653688524590164,0.0,1.0,0.0,0.0,1.0,0.0,1.0,0.0,0.0,0.0,1.0,0.0,0.0,0.0,0.0,1.0
0.76806640625,0.0,0.0,0.18543994091035,0.3237704918032787,0.0,1.0,0.0,0.0,1.0,0.0,1.0,0.0,0.0,1.0,0.0,0.0,0.0,0.0,0.0,1.0
0.69482421875,0.0,0.0,0.22731049764564676,0.19672131147540986,1.0,0.0,0.0,0.0,1.0,0.0,1.0,1.0,0.0,0.0,0.0,0.0,0.0,0.0,0.0,1.0
0.42626953125,1.0,0.0,0.1804080878958545,0.3524590163934426,1.0,0.0,0.0,0.0,1.0,0.0,1.0,0.0,0.0,1.0,0.0,0.0,0.0,0.0,0.0,1.0
0.4140625,0.0,0.0,0.14421567722278644,0.32889344262295084,1.0,0.0,0.0,0.0,1.0,1.0,0.0,1.0,0.0,0.0,0.0,0.0,0.0,0.0,0.0,1.0
0.79248046875,0.0,0.0,0.12741205798171917,0.30532786885245905,1.0,0.0,0.0,0.0,1.0,0.0,1.0,1.0,0.0,0.0,0.0,0.0,0.0,0.0,0.0,1.0
0.57275390625,0.0,0.0,0.15404856430615826,0.22745901639344263,0.0,1.0,0.0,0.0,1.0,1.0,0.0,0.0,0.0,1.0,0.0,0.0,0.0,0.0,0.0,1.0
0.32861328125,0.0,0.0,0.07127689040716467,0.2930327868852459,1.0,0.0,0.0,0.0,1.0,0.0,1.0,0.0,0.0,1.0,0.0,0.0,0.0,0.0,0.0,1.0
0.54833984375,0.0,0.0,0.06758378727725978,0.2592213114754099,1.0,0.0,0.0,0.0,1.0,1.0,0.0,0.0,0.0,0.0,1.0,0.0,0.0,0.0,0.0,1.0
0.5849609375,0.0,0.0,0.08512602714430806,0.27766393442622955,1.0,0.0,0.0,0.0,1.0,1.0,0.0,0.0,0.0,1.0,0.0,0.0,0.0,0.0,0.0,1.0
0.52392578125,0.0,0.0,0.13530606592189093,0.3073770491803279,0.0,1.0,0.0,1.0,0.0,0.0,1.0,1.0,0.0,0.0,0.0,0.0,0.0,0.0,0.0,1.0
0.74365234375,0.0,0.0,0.39626996583879615,0.34836065573770497,0.0,1.0,0.0,0.0,1.0,1.0,0.0,0.0,0.0,1.0,0.0,0.0,0.0,0.0,0.0,1.0
0.6337890625,1.0,0.0,0.7354353245314376,0.4088114754098361,0.0,1.0,0.0,0.0,1.0,0.0,1.0,1.0,0.0,0.0,0.0,0.0,0.0,0.0,0.0,1.0
0.52392578125,0.0,0.0,0.07944788108207923,0.37090163934426235,0.0,1.0,0.0,0.0,1.0,0.0,1.0,0.0,0.0,1.0,0.0,0.0,0.0,0.0,0.0,1.0
0.8779296875,0.0,1.0,0.0403471516942111,0.30225409836065575,0.0,1.0,0.0,0.0,1.0,0.0,1.0,0.0,0.0,0.0,1.0,0.0,0.0,0.0,0.0,1.0
0.49951171875,0.0,0.0,0.11817930015695688,0.3493852459016394,1.0,0.0,0.0,0.0,1.0,0.0,1.0,0.0,0.0,1.0,0.0,0.0,0.0,0.0,0.0,1.0
0.76806640625,0.0,0.0,0.892115224817653,0.3299180327868853,0.0,1.0,0.0,0.0,1.0,0.0,1.0,0.0,0.0,0.0,1.0,0.0,0.0,0.0,0.0,1.0
0.45068359375,0.0,0.0,0.12450373926691904,0.3657786885245902,0.0,1.0,0.0,0.0,1.0,0.0,1.0,1.0,0.0,0.0,0.0,0.0,0.0,0.0,0.0,1.0
0.74365234375,0.0,0.0,0.12062598098051891,0.444672131147541,0.0,1.0,0.0,0.0,1.0,1.0,0.0,0.0,0.0,1.0,0.0,0.0,0.0,0.0,0.0,1.0
0.69482421875,0.0,0.0,0.7423137291108853,0.2807377049180328,0.0,1.0,0.0,0.0,1.0,0.0,1.0,0.0,0.0,1.0,0.0,0.0,0.0,0.0,0.0,1.0
0.40185546875,0.0,0.0,0.1351675745545195,0.0,1.0,0.0,0.0,1.0,0.0,0.0,1.0,0.0,0.0,1.0,0.0,0.0,0.0,0.0,0.0,1.0
0.6337890625,0.0,0.0,0.03425353152986799,0.3586065573770492,1.0,0.0,0.0,0.0,1.0,0.0,1.0,0.0,0.0,1.0,0.0,0.0,0.0,0.0,0.0,1.0
0.3408203125,0.0,0.0,0.10012925860954669,0.2899590163934427,1.0,0.0,0.0,1.0,0.0,0.0,1.0,0.0,0.0,1.0,0.0,0.0,0.0,0.0,0.0,1.0
0.6826171875,1.0,0.0,0.1950420090481027,0.3493852459016394,1.0,0.0,0.0,0.0,1.0,1.0,0.0,0.0,0.0,1.0,0.0,0.0,0.0,0.0,0.0,1.0
0.96337890625,1.0,1.0,0.13152063521373836,0.2192622950819672,1.0,0.0,0.0,0.0,1.0,1.0,0.0,1.0,0.0,0.0,0.0,0.0,0.0,0.0,0.0,1.0
0.2919921875,0.0,0.0,0.6694672698735111,0.38627049180327877,0.0,1.0,0.0,1.0,0.0,1.0,0.0,0.0,0.0,1.0,0.0,0.0,0.0,0.0,0.0,1.0
0.5361328125,0.0,0.0,0.04750253900840179,0.2540983606557377,0.0,1.0,0.0,0.0,1.0,0.0,1.0,0.0,0.0,1.0,0.0,0.0,0.0,0.0,0.0,1.0
0.86572265625,1.0,1.0,0.055119564213830685,0.27356557377049184,0.0,1.0,0.0,0.0,1.0,1.0,0.0,0.0,0.0,0.0,1.0,0.0,0.0,0.0,0.0,1.0
0.71923828125,0.0,0.0,0.16129627919859663,0.2961065573770492,1.0,0.0,0.0,0.0,1.0,0.0,1.0,0.0,0.0,0.0,1.0,0.0,0.0,0.0,0.0,1.0
0.3896484375,0.0,0.0,0.2990490259440495,0.3165983606557377,0.0,1.0,0.0,0.0,1.0,0.0,1.0,0.0,0.0,1.0,0.0,0.0,0.0,0.0,0.0,1.0
0.2919921875,0.0,0.0,0.09832887083371805,0.2540983606557377,1.0,0.0,0.0,0.0,1.0,1.0,0.0,0.0,0.0,1.0,0.0,0.0,0.0,0.0,0.0,1.0
0.57275390625,0.0,0.0,0.3511679438648324,0.2899590163934427,0.0,1.0,0.0,0.0,1.0,1.0,0.0,0.0,0.0,1.0,0.0,0.0,0.0,0.0,0.0,1.0
0.74365234375,0.0,0.0,0.11434770565968055,0.25102459016393447,1.0,0.0,0.0,0.0,1.0,1.0,0.0,0.0,0.0,1.0,0.0,0.0,0.0,0.0,0.0,1.0
0.69482421875,0.0,0.0,0.1316591265811098,0.30122950819672134,0.0,1.0,0.0,0.0,1.0,0.0,1.0,0.0,0.0,0.0,1.0,0.0,0.0,0.0,0.0,1.0
0.8046875,0.0,0.0,0.2661342442987721,0.23258196721311478,1.0,0.0,0.0,0.0,1.0,0.0,1.0,0.0,0.0,1.0,0.0,0.0,0.0,0.0,0.0,1.0
0.1943359375,0.0,0.0,0.03928538454436342,0.20491803278688525,1.0,0.0,0.0,1.0,0.0,0.0,1.0,0.0,0.0,1.0,0.0,0.0,0.0,0.0,0.0,1.0
0.45068359375,0.0,0.0,0.2081986889483889,0.23258196721311478,1.0,0.0,0.0,0.0,1.0,0.0,1.0,0.0,0.0,1.0,0.0,0.0,0.0,0.0,0.0,1.0
0.31640625,0.0,0.0,0.3826978118363956,0.20799180327868855,1.0,0.0,0.0,0.0,1.0,0.0,1.0,0.0,0.0,1.0,0.0,0.0,0.0,0.0,0.0,1.0
0.35302734375,0.0,0.0,0.23363493675560892,0.2889344262295082,0.0,1.0,0.0,1.0,0.0,1.0,0.0,0.0,0.0,1.0,0.0,0.0,0.0,0.0,0.0,1.0
0.6337890625,0.0,0.0,0.1950420090481027,0.27151639344262296,0.0,1.0,0.0,0.0,1.0,0.0,1.0,0.0,0.0,1.0,0.0,0.0,0.0,0.0,0.0,1.0
0.560546875,0.0,0.0,0.4945065090942665,0.24897540983606561,1.0,0.0,0.0,0.0,1.0,0.0,1.0,1.0,0.0,0.0,0.0,0.0,0.0,0.0,0.0,1.0
0.5361328125,0.0,0.0,0.20755239590065555,0.21413934426229508,1.0,0.0,0.0,0.0,1.0,1.0,0.0,0.0,0.0,1.0,0.0,0.0,0.0,0.0,0.0,1.0
0.2431640625,0.0,0.0,0.13364416951343366,0.2827868852459017,1.0,0.0,0.0,1.0,0.0,1.0,0.0,0.0,0.0,1.0,0.0,0.0,0.0,0.0,0.0,1.0
0.9755859375,1.0,0.0,0.32670113562921244,0.2961065573770492,1.0,0.0,0.0,0.0,1.0,0.0,1.0,0.0,0.0,1.0,0.0,0.0,0.0,0.0,0.0,1.0
0.32861328125,0.0,0.0,0.046163789123811305,0.4211065573770492,0.0,1.0,0.0,1.0,0.0,1.0,0.0,1.0,0.0,0.0,0.0,0.0,0.0,0.0,0.0,1.0
0.47509765625,1.0,0.0,0.15261748684332016,0.3432377049180328,0.0,1.0,0.0,0.0,1.0,1.0,0.0,0.0,0.0,1.0,0.0,0.0,0.0,0.0,0.0,1.0
0.5849609375,0.0,0.0,0.3209306619887361,0.27049180327868855,0.0,1.0,0.0,0.0,1.0,1.0,0.0,1.0,0.0,0.0,0.0,0.0,0.0,0.0,0.0,1.0
1.0,0.0,0.0,0.21443080048010338,0.24897540983606561,0.0,1.0,0.0,1.0,0.0,0.0,1.0,0.0,0.0,0.0,1.0,0.0,0.0,0.0,0.0,1.0
0.4384765625,0.0,0.0,0.07478533838057427,0.44979508196721313,1.0,0.0,0.0,0.0,1.0,1.0,0.0,0.0,0.0,1.0,0.0,0.0,0.0,0.0,0.0,1.0
0.74365234375,0.0,0.0,0.26230264980149576,0.27151639344262296,0.0,1.0,0.0,0.0,1.0,0.0,1.0,0.0,0.0,0.0,1.0,0.0,0.0,0.0,0.0,1.0
0.365234375,0.0,0.0,0.22920321299972302,0.19672131147540986,0.0,1.0,0.0,0.0,1.0,1.0,0.0,0.0,0.0,1.0,0.0,0.0,0.0,0.0,0.0,1.0
0.64599609375,1.0,0.0,0.7467454528667713,0.32172131147540983,1.0,0.0,0.0,0.0,1.0,1.0,0.0,0.0,0.0,1.0,0.0,0.0,0.0,0.0,0.0,1.0
0.4140625,0.0,0.0,0.2036284738251316,0.0,0.0,1.0,0.0,0.0,1.0,0.0,1.0,0.0,0.0,1.0,0.0,0.0,0.0,0.0,0.0,1.0
0.2431640625,0.0,0.0,0.05276521096851633,0.27561475409836067,1.0,0.0,0.0,1.0,0.0,0.0,1.0,0.0,0.0,1.0,0.0,0.0,0.0,0.0,0.0,1.0
0.5361328125,0.0,0.0,0.23252700581663743,0.3227459016393443,0.0,1.0,0.0,0.0,1.0,1.0,0.0,0.0,0.0,1.0,0.0,0.0,0.0,0.0,0.0,1.0
0.91455078125,0.0,0.0,0.025297756439848607,0.4139344262295082,1.0,0.0,0.0,0.0,1.0,0.0,1.0,0.0,0.0,0.0,1.0,0.0,0.0,0.0,0.0,1.0
0.462890625,0.0,0.0,0.4967223709722094,0.326844262295082,0.0,1.0,0.0,1.0,0.0,1.0,0.0,0.0,0.0,1.0,0.0,0.0,0.0,0.0,0.0,1.0
0.3408203125,0.0,0.0,0.08378727725971746,0.26024590163934425,0.0,1.0,0.0,1.0,0.0,0.0,1.0,0.0,0.0,1.0,0.0,0.0,0.0,0.0,0.0,1.0
0.37744140625,0.0,0.0,0.1509094266457391,0.27049180327868855,1.0,0.0,0.0,1.0,0.0,1.0,0.0,0.0,0.0,1.0,0.0,0.0,0.0,0.0,0.0,1.0
0.69482421875,0.0,0.0,0.4025020773705106,0.3606557377049181,1.0,0.0,0.0,0.0,1.0,0.0,1.0,0.0,0.0,0.0,1.0,0.0,0.0,0.0,0.0,1.0
0.37744140625,0.0,0.0,0.18391653586926415,0.5604508196721313,0.0,1.0,0.0,1.0,0.0,1.0,0.0,0.0,0.0,1.0,0.0,0.0,0.0,0.0,0.0,1.0
0.84130859375,0.0,0.0,0.019342627642876975,0.32172131147540983,1.0,0.0,0.0,1.0,0.0,0.0,1.0,0.0,0.0,1.0,0.0,0.0,0.0,0.0,0.0,1.0
0.62158203125,1.0,0.0,0.09685162958175608,0.32889344262295084,0.0,1.0,0.0,0.0,1.0,0.0,1.0,0.0,0.0,1.0,0.0,0.0,0.0,0.0,0.0,1.0
0.6337890625,1.0,0.0,0.2820145877573631,0.3360655737704918,0.0,1.0,0.0,0.0,1.0,1.0,0.0,0.0,0.0,1.0,0.0,0.0,0.0,0.0,0.0,1.0
0.560546875,0.0,0.0,0.2584248915150955,0.23872950819672134,1.0,0.0,0.0,0.0,1.0,0.0,1.0,1.0,0.0,0.0,0.0,0.0,0.0,0.0,0.0,1.0
0.69482421875,1.0,0.0,0.24693010802326654,0.3903688524590164,1.0,0.0,0.0,0.0,1.0,0.0,1.0,0.0,0.0,1.0,0.0,0.0,0.0,0.0,0.0,1.0
0.67041015625,0.0,0.0,0.054934909057335446,0.4211065573770492,0.0,1.0,0.0,0.0,1.0,0.0,1.0,0.0,0.0,1.0,0.0,0.0,0.0,0.0,0.0,1.0
0.30419921875,0.0,0.0,0.3271166097313267,0.21516393442622953,1.0,0.0,0.0,1.0,0.0,0.0,1.0,0.0,0.0,1.0,0.0,0.0,0.0,0.0,0.0,1.0
0.45068359375,0.0,0.0,0.0783399501431078,0.24692622950819676,1.0,0.0,0.0,0.0,1.0,0.0,1.0,1.0,0.0,0.0,0.0,0.0,0.0,0.0,0.0,1.0
0.54833984375,0.0,0.0,0.0016157326193333987,0.20286885245901642,0.0,1.0,0.0,0.0,1.0,0.0,1.0,1.0,0.0,0.0,0.0,0.0,0.0,0.0,0.0,1.0
0.23095703125,0.0,0.0,0.04925676299510667,0.2930327868852459,1.0,0.0,0.0,1.0,0.0,0.0,1.0,0.0,0.0,1.0,0.0,0.0,0.0,0.0,0.0,1.0
0.64599609375,0.0,0.0,0.02608254085495343,0.29405737704918034,1.0,0.0,0.0,0.0,1.0,1.0,0.0,0.0,0.0,1.0,0.0,0.0,0.0,0.0,0.0,1.0
0.609375,0.0,0.0,0.15723386575570125,0.35655737704918034,0.0,1.0,0.0,0.0,1.0,0.0,1.0,1.0,0.0,0.0,0.0,0.0,0.0,0.0,0.0,1.0
0.609375,0.0,1.0,0.05987443449358326,0.36372950819672134,1.0,0.0,0.0,0.0,1.0,0.0,1.0,1.0,0.0,0.0,0.0,0.0,0.0,0.0,0.0,1.0
0.42626953125,0.0,0.0,0.1776382605484258,0.2920081967213115,0.0,1.0,0.0,1.0,0.0,0.0,1.0,0.0,0.0,1.0,0.0,0.0,0.0,0.0,0.0,1.0
0.7802734375,1.0,0.0,0.010617671498476644,0.2868852459016394,0.0,1.0,0.0,0.0,1.0,0.0,1.0,0.0,0.0,1.0,0.0,0.0,0.0,0.0,0.0,1.0
0.6337890625,0.0,0.0,0.29240144031022064,0.6311475409836066,1.0,0.0,0.0,0.0,1.0,1.0,0.0,0.0,0.0,1.0,0.0,0.0,0.0,0.0,0.0,1.0
0.4873046875,0.0,0.0,0.06901486474009788,0.2827868852459017,0.0,1.0,0.0,0.0,1.0,0.0,1.0,0.0,0.0,0.0,1.0,0.0,0.0,0.0,0.0,1.0
0.64599609375,0.0,0.0,0.21553873141907492,0.30122950819672134,1.0,0.0,0.0,1.0,0.0,0.0,1.0,1.0,0.0,0.0,0.0,0.0,0.0,0.0,0.0,1.0
0.609375,0.0,0.0,0.2157233865755701,0.257172131147541,0.0,1.0,0.0,0.0,1.0,0.0,1.0,0.0,0.0,0.0,1.0,0.0,0.0,0.0,0.0,1.0
0.31640625,0.0,0.0,0.14218447050133876,0.3647540983606558,0.0,1.0,0.0,1.0,0.0,0.0,1.0,0.0,0.0,1.0,0.0,0.0,0.0,0.0,0.0,1.0
0.658203125,0.0,0.0,0.06222878773889762,0.45901639344262296,1.0,0.0,0.0,0.0,1.0,1.0,0.0,0.0,0.0,1.0,0.0,0.0,0.0,0.0,0.0,1.0
0.8046875,0.0,0.0,0.08037115686455548,0.2592213114754099,1.0,0.0,0.0,0.0,1.0,0.0,1.0,1.0,0.0,0.0,0.0,0.0,0.0,0.0,0.0,1.0
0.37744140625,0.0,0.0,0.28496907026128704,0.5112704918032788,1.0,0.0,0.0,1.0,0.0,1.0,0.0,0.0,0.0,1.0,0.0,0.0,0.0,0.0,0.0,1.0
0.27978515625,0.0,0.0,0.12653494598836673,0.21209016393442623,0.0,1.0,0.0,1.0,0.0,0.0,1.0,0.0,0.0,1.0,0.0,0.0,0.0,0.0,0.0,1.0
0.31640625,0.0,0.0,0.0744621918567076,0.3104508196721312,0.0,1.0,0.0,1.0,0.0,0.0,1.0,0.0,0.0,1.0,0.0,0.0,0.0,0.0,0.0,1.0
0.42626953125,0.0,0.0,0.19610377619795033,0.45901639344262296,1.0,0.0,0.0,0.0,1.0,1.0,0.0,1.0,0.0,0.0,0.0,0.0,0.0,0.0,0.0,1.0
0.57275390625,0.0,0.0,0.23432739359246607,0.4088114754098361,1.0,0.0,0.0,0.0,1.0,0.0,1.0,0.0,0.0,0.0,1.0,0.0,0.0,0.0,0.0,1.0
0.3408203125,0.0,1.0,0.2592096759302004,0.19569672131147545,1.0,0.0,0.0,0.0,1.0,1.0,0.0,0.0,0.0,1.0,0.0,0.0,0.0,0.0,0.0,1.0
0.2431640625,0.0,0.0,0.14809343550918663,0.2961065573770492,0.0,1.0,0.0,1.0,0.0,0.0,1.0,0.0,0.0,1.0,0.0,0.0,0.0,0.0,0.0,1.0
0.609375,0.0,0.0,0.04676391838242083,0.26024590163934425,1.0,0.0,0.0,0.0,1.0,1.0,0.0,0.0,0.0,1.0,0.0,0.0,0.0,0.0,0.0,1.0
0.37744140625,0.0,0.0,0.21821623118825595,0.2346311475409836,1.0,0.0,0.0,1.0,0.0,0.0,1.0,0.0,0.0,1.0,0.0,0.0,0.0,0.0,0.0,1.0
0.658203125,0.0,0.0,0.179300156956883,0.3411885245901639,1.0,0.0,0.0,0.0,1.0,0.0,1.0,0.0,0.0,1.0,0.0,0.0,0.0,0.0,0.0,1.0
0.96337890625,0.0,0.0,0.705982827070446,0.0,1.0,0.0,0.0,0.0,1.0,1.0,0.0,0.0,0.0,1.0,0.0,0.0,0.0,0.0,0.0,1.0
0.8046875,0.0,0.0,0.18580925122334047,0.3534836065573771,1.0,0.0,0.0,0.0,1.0,0.0,1.0,0.0,0.0,1.0,0.0,0.0,0.0,0.0,0.0,1.0
0.8046875,0.0,0.0,0.2353429969531899,0.3227459016393443,0.0,1.0,0.0,0.0,1.0,1.0,0.0,0.0,0.0,0.0,1.0,0.0,0.0,0.0,0.0,1.0
0.462890625,0.0,0.0,0.22578709260456098,0.48463114754098363,1.0,0.0,0.0,0.0,1.0,1.0,0.0,0.0,0.0,1.0,0.0,0.0,0.0,0.0,0.0,1.0
0.79248046875,0.0,0.0,0.6008678792355276,0.3278688524590164,1.0,0.0,0.0,0.0,1.0,1.0,0.0,0.0,0.0,1.0,0.0,0.0,0.0,0.0,0.0,1.0
0.47509765625,0.0,0.0,0.03185301449542982,0.24282786885245902,1.0,0.0,0.0,0.0,1.0,0.0,1.0,0.0,0.0,1.0,0.0,0.0,0.0,0.0,0.0,1.0
0.6826171875,1.0,0.0,0.6995660603822361,0.22438524590163936,0.0,1.0,0.0,0.0,1.0,1.0,0.0,0.0,0.0,1.0,0.0,0.0,0.0,0.0,0.0,1.0
0.91455078125,0.0,1.0,0.13276705752008122,0.0,1.0,0.0,0.0,0.0,1.0,0.0,1.0,0.0,0.0,0.0,1.0,0.0,0.0,0.0,0.0,1.0
0.2431640625,0.0,0.0,0.29018557843227777,0.3165983606557377,0.0,1.0,0.0,1.0,0.0,1.0,0.0,0.0,0.0,1.0,0.0,0.0,0.0,0.0,0.0,1.0
0.6337890625,0.0,0.0,0.2131843781737605,0.33913934426229514,1.0,0.0,0.0,0.0,1.0,0.0,1.0,0.0,0.0,1.0,0.0,0.0,0.0,0.0,0.0,1.0
0.658203125,1.0,0.0,0.769596528483058,0.35963114754098363,1.0,0.0,0.0,0.0,1.0,0.0,1.0,0.0,0.0,1.0,0.0,0.0,0.0,0.0,0.0,1.0
0.462890625,0.0,0.0,0.10331456005908968,0.3780737704918033,1.0,0.0,0.0,1.0,0.0,1.0,0.0,0.0,0.0,1.0,0.0,0.0,0.0,0.0,0.0,1.0
0.54833984375,0.0,0.0,0.7523774351398763,0.5635245901639345,1.0,0.0,0.0,0.0,1.0,1.0,0.0,0.0,0.0,1.0,0.0,0.0,0.0,0.0,0.0,1.0
0.54833984375,0.0,0.0,0.1869633459514357,0.30225409836065575,0.0,1.0,0.0,0.0,1.0,1.0,0.0,0.0,0.0,1.0,0.0,0.0,0.0,0.0,0.0,1.0
0.755859375,0.0,1.0,0.16383528760040628,0.264344262295082,0.0,1.0,0.0,0.0,1.0,1.0,0.0,0.0,0.0,1.0,0.0,0.0,0.0,0.0,0.0,1.0
0.32861328125,0.0,0.0,0.14038408272551012,0.27561475409836067,1.0,0.0,0.0,1.0,0.0,0.0,1.0,1.0,0.0,0.0,0.0,0.0,0.0,0.0,0.0,1.0
0.5361328125,0.0,0.0,0.2552395900655525,0.31250000000000006,1.0,0.0,0.0,0.0,1.0,1.0,0.0,0.0,0.0,1.0,0.0,0.0,0.0,0.0,0.0,1.0
0.6826171875,0.0,0.0,0.6733450281599114,0.3114754098360656,1.0,0.0,0.0,0.0,1.0,1.0,0.0,0.0,0.0,1.0,0.0,0.0,0.0,0.0,0.0,1.0
0.755859375,1.0,0.0,0.18636321669282613,0.4118852459016394,0.0,1.0,0.0,0.0,1.0,1.0,0.0,0.0,0.0,0.0,1.0,0.0,0.0,0.0,0.0,1.0
0.7314453125,0.0,0.0,0.1500323146523867,0.30840163934426235,1.0,0.0,0.0,0.0,1.0,1.0,0.0,0.0,0.0,1.0,0.0,0.0,0.0,0.0,0.0,1.0
0.51171875,0.0,0.0,0.2928169144123349,0.47336065573770497,1.0,0.0,0.0,1.0,0.0,1.0,0.0,0.0,0.0,1.0,0.0,0.0,0.0,0.0,0.0,1.0
0.71923828125,0.0,0.0,0.1247345582125381,0.3647540983606558,1.0,0.0,0.0,0.0,1.0,0.0,1.0,0.0,0.0,0.0,1.0,0.0,0.0,0.0,0.0,1.0
0.658203125,0.0,0.0,0.7596251500323147,0.30122950819672134,1.0,0.0,0.0,0.0,1.0,0.0,1.0,0.0,0.0,1.0,0.0,0.0,0.0,0.0,0.0,1.0
0.5849609375,0.0,0.0,0.1627735204505586,0.389344262295082,1.0,0.0,0.0,0.0,1.0,0.0,1.0,0.0,0.0,0.0,1.0,0.0,0.0,0.0,0.0,1.0
0.4384765625,0.0,0.0,0.21609269688856064,0.23360655737704922,1.0,0.0,0.0,0.0,1.0,1.0,0.0,0.0,0.0,1.0,0.0,0.0,0.0,0.0,0.0,1.0
0.2919921875,0.0,0.0,0.12916628196842395,0.22438524590163936,0.0,1.0,0.0,0.0,1.0,0.0,1.0,0.0,0.0,1.0,0.0,0.0,0.0,0.0,0.0,1.0
0.30419921875,0.0,0.0,0.29420182808604933,0.24385245901639346,1.0,0.0,0.0,1.0,0.0,1.0,0.0,0.0,0.0,1.0,0.0,0.0,0.0,0.0,0.0,1.0
0.37744140625,0.0,0.0,0.24697627181239035,0.0,0.0,1.0,0.0,0.0,1.0,0.0,1.0,0.0,0.0,1.0,0.0,0.0,0.0,0.0,0.0,1.0
0.8046875,0.0,0.0,0.18959468193149293,0.39241803278688525,0.0,1.0,0.0,0.0,1.0,0.0,1.0,0.0,0.0,0.0,1.0,0.0,0.0,0.0,0.0,1.0
0.67041015625,0.0,0.0,0.45660603822361745,0.3237704918032787,0.0,1.0,0.0,0.0,1.0,0.0,1.0,1.0,0.0,0.0,0.0,0.0,0.0,0.0,0.0,1.0
0.6826171875,0.0,0.0,0.33935001384913677,0.2551229508196721,1.0,0.0,0.0,1.0,0.0,0.0,1.0,0.0,0.0,0.0,1.0,0.0,0.0,0.0,0.0,1.0
0.31640625,0.0,0.0,0.04413258240236362,0.23872950819672134,0.0,1.0,0.0,1.0,0.0,0.0,1.0,0.0,0.0,1.0,0.0,0.0,0.0,0.0,0.0,1.0
0.4384765625,0.0,0.0,0.20589049949219834,0.22848360655737707,1.0,0.0,0.0,0.0,1.0,0.0,1.0,0.0,0.0,1.0,0.0,0.0,0.0,0.0,0.0,1.0
0.8779296875,0.0,0.0,0.31372911088542144,0.26024590163934425,0.0,1.0,0.0,0.0,1.0,0.0,1.0,0.0,0.0,0.0,1.0,0.0,0.0,0.0,0.0,1.0
0.76806640625,0.0,1.0,0.09177361277813684,0.26331967213114754,0.0,1.0,0.0,1.0,0.0,0.0,1.0,0.0,0.0,1.0,0.0,0.0,0.0,0.0,0.0,1.0
0.3408203125,0.0,0.0,0.23441972117071375,0.2930327868852459,1.0,0.0,0.0,0.0,1.0,1.0,0.0,0.0,0.0,1.0,0.0,0.0,0.0,0.0,0.0,1.0
0.67041015625,0.0,0.0,0.08517219093343181,0.2868852459016394,0.0,1.0,0.0,0.0,1.0,1.0,0.0,0.0,0.0,0.0,1.0,0.0,0.0,0.0,0.0,1.0
0.462890625,0.0,0.0,0.11125473178838519,0.35655737704918034,0.0,1.0,0.0,0.0,1.0,1.0,0.0,0.0,0.0,1.0,0.0,0.0,0.0,0.0,0.0,1.0
0.8779296875,0.0,1.0,0.4039793186224725,0.33709016393442626,1.0,0.0,0.0,0.0,1.0,0.0,1.0,0.0,0.0,0.0,1.0,0.0,0.0,0.0,0.0,1.0
0.86572265625,0.0,1.0,0.07044594220293604,0.2561475409836066,0.0,1.0,0.0,0.0,1.0,1.0,0.0,0.0,0.0,1.0,0.0,0.0,0.0,0.0,0.0,1.0
0.658203125,0.0,0.0,0.0695688302095836,0.4006147540983607,1.0,0.0,0.0,0.0,1.0,1.0,0.0,0.0,0.0,1.0,0.0,0.0,0.0,0.0,0.0,1.0
0.4873046875,0.0,0.0,0.12621179946450006,0.2592213114754099,0.0,1.0,0.0,0.0,1.0,0.0,1.0,1.0,0.0,0.0,0.0,0.0,0.0,0.0,0.0,1.0
0.40185546875,0.0,0.0,0.10760779244760416,0.44774590163934436,0.0,1.0,0.0,0.0,1.0,0.0,1.0,0.0,0.0,1.0,0.0,0.0,0.0,0.0,0.0,1.0
0.32861328125,0.0,0.0,0.010802326654971883,0.23565573770491804,1.0,0.0,0.0,0.0,1.0,0.0,1.0,0.0,0.0,1.0,0.0,0.0,0.0,0.0,0.0,1.0
0.365234375,0.0,0.0,0.14772412519619615,0.3186475409836066,1.0,0.0,0.0,1.0,0.0,1.0,0.0,0.0,0.0,1.0,0.0,0.0,0.0,0.0,0.0,1.0
0.4140625,0.0,0.0,0.09832887083371805,0.2827868852459017,1.0,0.0,0.0,0.0,1.0,0.0,1.0,0.0,0.0,1.0,0.0,0.0,0.0,0.0,0.0,1.0
0.64599609375,0.0,1.0,0.18516295817560707,0.3606557377049181,0.0,1.0,0.0,0.0,1.0,1.0,0.0,0.0,0.0,1.0,0.0,0.0,0.0,0.0,0.0,1.0
0.37744140625,0.0,0.0,0.06739913212076448,0.4047131147540984,1.0,0.0,0.0,0.0,1.0,1.0,0.0,0.0,0.0,1.0,0.0,0.0,0.0,0.0,0.0,1.0
0.2919921875,0.0,0.0,0.31746837780445025,0.24692622950819676,1.0,0.0,0.0,1.0,0.0,1.0,0.0,0.0,0.0,1.0,0.0,0.0,0.0,0.0,0.0,1.0
0.67041015625,0.0,0.0,0.18294709629766415,0.2858606557377049,1.0,0.0,0.0,0.0,1.0,1.0,0.0,0.0,0.0,0.0,1.0,0.0,0.0,0.0,0.0,1.0
0.8291015625,0.0,0.0,0.09680546579263227,0.26639344262295084,0.0,1.0,0.0,0.0,1.0,1.0,0.0,0.0,0.0,0.0,1.0,0.0,0.0,0.0,0.0,1.0
0.37744140625,0.0,0.0,0.35222971101468004,0.2551229508196721,1.0,0.0,0.0,0.0,1.0,0.0,1.0,0.0,0.0,1.0,0.0,0.0,0.0,0.0,0.0,1.0
0.59716796875,0.0,1.0,0.09999076724217526,0.23258196721311478,1.0,0.0,0.0,0.0,1.0,1.0,0.0,0.0,0.0,1.0,0.0,0.0,0.0,0.0,0.0,1.0
0.609375,1.0,0.0,0.7308189456190565,0.37602459016393447,1.0,0.0,0.0,0.0,1.0,0.0,1.0,0.0,0.0,1.0,0.0,0.0,0.0,0.0,0.0,1.0
0.79248046875,0.0,0.0,0.8915150955590435,0.2766393442622951,1.0,0.0,0.0,0.0,1.0,0.0,1.0,0.0,0.0,0.0,1.0,0.0,0.0,0.0,0.0,1.0
0.52392578125,0.0,0.0,0.012325731696057607,0.2540983606557377,1.0,0.0,0.0,0.0,1.0,0.0,1.0,0.0,0.0,1.0,0.0,0.0,0.0,0.0,0.0,1.0
0.21875,0.0,0.0,0.21235342996953194,0.0,1.0,0.0,0.0,1.0,0.0,1.0,0.0,0.0,0.0,1.0,0.0,0.0,0.0,0.0,0.0,1.0
0.3896484375,0.0,0.0,0.25487027975256205,0.24590163934426232,1.0,0.0,0.0,0.0,1.0,0.0,1.0,0.0,0.0,0.0,1.0,0.0,0.0,0.0,0.0,1.0
0.67041015625,0.0,0.0,0.11647123995937586,0.29405737704918034,0.0,1.0,0.0,0.0,1.0,1.0,0.0,0.0,0.0,1.0,0.0,0.0,0.0,0.0,0.0,1.0
0.755859375,0.0,0.0,0.14440033237928174,0.334016393442623,1.0,0.0,0.0,0.0,1.0,0.0,1.0,0.0,0.0,0.0,1.0,0.0,0.0,0.0,0.0,1.0
0.35302734375,0.0,0.0,0.04053180685070634,0.46516393442622955,1.0,0.0,0.0,0.0,1.0,0.0,1.0,0.0,0.0,1.0,0.0,0.0,0.0,0.0,0.0,1.0
0.74365234375,0.0,0.0,0.13530606592189093,0.33196721311475413,0.0,1.0,0.0,0.0,1.0,1.0,0.0,0.0,0.0,0.0,1.0,0.0,0.0,0.0,0.0,1.0
0.57275390625,0.0,0.0,0.04090111716369682,0.27459016393442626,0.0,1.0,0.0,0.0,1.0,0.0,1.0,0.0,0.0,1.0,0.0,0.0,0.0,0.0,0.0,1.0
0.64599609375,0.0,0.0,0.09020404394792725,0.29918032786885246,0.0,1.0,0.0,0.0,1.0,0.0,1.0,0.0,0.0,1.0,0.0,0.0,0.0,0.0,0.0,1.0
0.853515625,0.0,0.0,0.10456098236543254,0.3463114754098361,1.0,0.0,0.0,0.0,1.0,0.0,1.0,0.0,0.0,1.0,0.0,0.0,0.0,0.0,0.0,1.0
0.7314453125,1.0,0.0,0.6718677869079493,0.3719262295081967,1.0,0.0,0.0,0.0,1.0,1.0,0.0,0.0,0.0,1.0,0.0,0.0,0.0,0.0,0.0,1.0
0.658203125,0.0,0.0,0.07067676114855515,0.21311475409836067,1.0,0.0,0.0,0.0,1.0,0.0,1.0,0.0,0.0,0.0,1.0,0.0,0.0,0.0,0.0,1.0
0.462890625,1.0,0.0,0.2928169144123349,0.3934426229508197,1.0,0.0,0.0,0.0,1.0,1.0,0.0,0.0,0.0,1.0,0.0,0.0,0.0,0.0,0.0,1.0
0.45068359375,0.0,0.0,0.8178838519065644,0.4180327868852459,0.0,1.0,0.0,0.0,1.0,0.0,1.0,0.0,0.0,1.0,0.0,0.0,0.0,0.0,0.0,1.0
0.7314453125,1.0,0.0,0.20810636137014127,0.2920081967213115,0.0,1.0,0.0,0.0,1.0,1.0,0.0,1.0,0.0,0.0,0.0,0.0,0.0,0.0,0.0,1.0
0.89013671875,0.0,0.0,0.15631058997322506,0.21106557377049184,1.0,0.0,0.0,0.0,1.0,1.0,0.0,0.0,0.0,1.0,0.0,0.0,0.0,0.0,0.0,1.0
0.47509765625,0.0,0.0,0.9224909980611208,0.36372950819672134,1.0,0.0,0.0,0.0,1.0,0.0,1.0,0.0,0.0,1.0,0.0,0.0,0.0,0.0,0.0,1.0
0.31640625,0.0,0.0,0.11919490351768075,0.22745901639344263,1.0,0.0,0.0,1.0,0.0,0.0,1.0,0.0,0.0,1.0,0.0,0.0,0.0,0.0,0.0,1.0
0.62158203125,1.0,0.0,0.06841473548148835,0.3411885245901639,1.0,0.0,0.0,0.0,1.0,0.0,1.0,1.0,0.0,0.0,0.0,0.0,0.0,0.0,0.0,1.0
0.4873046875,0.0,0.0,0.21207644723478908,0.33094262295081966,1.0,0.0,0.0,0.0,1.0,0.0,1.0,0.0,0.0,1.0,0.0,0.0,0.0,0.0,0.0,1.0
0.3896484375,0.0,0.0,0.13876835010617677,0.22745901639344263,1.0,0.0,0.0,0.0,1.0,0.0,1.0,0.0,0.0,1.0,0.0,0.0,0.0,0.0,0.0,1.0
0.1943359375,0.0,0.0,0.11739451574185211,0.2407786885245902,0.0,1.0,0.0,1.0,0.0,0.0,1.0,0.0,0.0,1.0,0.0,0.0,0.0,0.0,0.0,1.0
0.32861328125,0.0,0.0,0.003739266919028761,0.20799180327868855,1.0,0.0,0.0,1.0,0.0,1.0,0.0,0.0,0.0,1.0,0.0,0.0,0.0,0.0,0.0,1.0
0.462890625,0.0,0.0,0.13239774720709074,0.24795081967213117,1.0,0.0,0.0,0.0,1.0,1.0,0.0,0.0,0.0,1.0,0.0,0.0,0.0,0.0,0.0,1.0
0.42626953125,0.0,0.0,0.22140153263779894,0.4252049180327869,0.0,1.0,0.0,0.0,1.0,1.0,0.0,1.0,0.0,0.0,0.0,0.0,0.0,0.0,0.0,1.0
0.37744140625,0.0,0.0,0.10931585264518512,0.29405737704918034,0.0,1.0,0.0,1.0,0.0,0.0,1.0,0.0,0.0,1.0,0.0,0.0,0.0,0.0,0.0,1.0
0.4873046875,0.0,0.0,0.14615455636598657,0.36372950819672134,1.0,0.0,0.0,0.0,1.0,0.0,1.0,0.0,0.0,1.0,0.0,0.0,0.0,0.0,0.0,1.0
0.951171875,0.0,0.0,0.21530791247345588,0.0,1.0,0.0,0.0,0.0,1.0,0.0,1.0,1.0,0.0,0.0,0.0,0.0,0.0,0.0,0.0,1.0
0.62158203125,0.0,0.0,0.18497830301911183,0.24897540983606561,0.0,1.0,0.0,0.0,1.0,1.0,0.0,1.0,0.0,0.0,0.0,0.0,0.0,0.0,0.0,1.0
0.658203125,0.0,0.0,0.15829563290554888,0.43442622950819676,0.0,1.0,0.0,0.0,1.0,1.0,0.0,0.0,0.0,1.0,0.0,0.0,0.0,0.0,0.0,1.0
0.3408203125,0.0,0.0,0.10557658572615641,0.3278688524590164,1.0,0.0,0.0,1.0,0.0,1.0,0.0,1.0,0.0,0.0,0.0,0.0,0.0,0.0,0.0,1.0
0.57275390625,0.0,1.0,0.21553873141907492,0.29098360655737704,0.0,1.0,0.0,0.0,1.0,0.0,1.0,1.0,0.0,0.0,0.0,0.0,0.0,0.0,0.0,1.0
0.76806640625,1.0,0.0,0.02331271350752473,0.2407786885245902,0.0,1.0,0.0,0.0,1.0,1.0,0.0,0.0,0.0,1.0,0.0,0.0,0.0,0.0,0.0,1.0
0.67041015625,0.0,0.0,0.02908318714800112,0.3411885245901639,0.0,1.0,0.0,0.0,1.0,1.0,0.0,0.0,0.0,1.0,0.0,0.0,0.0,0.0,0.0,1.0
0.951171875,1.0,0.0,0.2096759302003509,0.32889344262295084,1.0,0.0,0.0,0.0,1.0,1.0,0.0,0.0,0.0,1.0,0.0,0.0,0.0,0.0,0.0,1.0
0.23095703125,0.0,0.0,0.1173483519527283,0.18954918032786888,0.0,1.0,0.0,1.0,0.0,0.0,1.0,0.0,0.0,1.0,0.0,0.0,0.0,0.0,0.0,1.0
1.0,0.0,0.0,0.12699658387960483,0.1834016393442623,1.0,0.0,0.0,0.0,1.0,0.0,1.0,0.0,0.0,1.0,0.0,0.0,0.0,0.0,0.0,1.0
0.3896484375,0.0,0.0,0.17371433847290185,0.3534836065573771,1.0,0.0,0.0,0.0,1.0,0.0,1.0,0.0,0.0,1.0,0.0,0.0,0.0,0.0,0.0,1.0
0.30419921875,0.0,0.0,0.24789954759486654,0.42315573770491804,1.0,0.0,0.0,1.0,0.0,1.0,0.0,0.0,0.0,1.0,0.0,0.0,0.0,0.0,0.0,1.0
0.6337890625,1.0,0.0,0.2839073031114394,0.0,0.0,1.0,0.0,0.0,1.0,1.0,0.0,1.0,0.0,0.0,0.0,0.0,0.0,0.0,0.0,1.0
0.42626953125,0.0,0.0,0.41575108484904444,0.334016393442623,0.0,1.0,0.0,0.0,1.0,1.0,0.0,0.0,0.0,1.0,0.0,0.0,0.0,0.0,0.0,1.0
0.62158203125,0.0,0.0,0.12122611023912844,0.3493852459016394,1.0,0.0,0.0,0.0,1.0,0.0,1.0,1.0,0.0,0.0,0.0,0.0,0.0,0.0,0.0,1.0
0.6826171875,0.0,1.0,0.1697442526082541,0.23872950819672134,1.0,0.0,0.0,0.0,1.0,0.0,1.0,0.0,0.0,1.0,0.0,0.0,0.0,0.0,0.0,1.0
0.267578125,0.0,0.0,0.2164158434124273,0.4139344262295082,1.0,0.0,0.0,1.0,0.0,1.0,0.0,0.0,0.0,1.0,0.0,0.0,0.0,0.0,0.0,1.0
0.30419921875,0.0,0.0,0.05978210691533559,0.19057377049180332,1.0,0.0,0.0,1.0,0.0,0.0,1.0,0.0,0.0,1.0,0.0,0.0,0.0,0.0,0.0,1.0
0.7802734375,0.0,0.0,0.12695042009048108,0.2592213114754099,0.0,1.0,0.0,1.0,0.0,1.0,0.0,0.0,0.0,0.0,1.0,0.0,0.0,0.0,0.0,1.0
0.560546875,0.0,0.0,0.024005170344381876,0.3411885245901639,0.0,1.0,0.0,0.0,1.0,0.0,1.0,0.0,0.0,1.0,0.0,0.0,0.0,0.0,0.0,1.0
0.64599609375,0.0,0.0,0.18013110516111164,0.2838114754098361,1.0,0.0,0.0,0.0,1.0,1.0,0.0,0.0,0.0,1.0,0.0,0.0,0.0,0.0,0.0,1.0
0.69482421875,0.0,0.0,0.16245037392669193,0.3903688524590164,0.0,1.0,0.0,1.0,0.0,1.0,0.0,1.0,0.0,0.0,0.0,0.0,0.0,0.0,0.0,1.0
0.9267578125,0.0,0.0,0.7779521743144676,0.27766393442622955,1.0,0.0,0.0,0.0,1.0,0.0,1.0,1.0,0.0,0.0,0.0,0.0,0.0,0.0,0.0,1.0
0.31640625,0.0,0.0,0.021004524051334184,0.25102459016393447,1.0,0.0,0.0,1.0,0.0,0.0,1.0,1.0,0.0,0.0,0.0,0.0,0.0,0.0,0.0,1.0
0.40185546875,0.0,0.0,0.164389253069892,0.3360655737704918,0.0,1.0,0.0,0.0,1.0,0.0,1.0,0.0,0.0,1.0,0.0,0.0,0.0,0.0,0.0,1.0
0.5361328125,0.0,0.0,0.06139783953466904,0.4426229508196722,1.0,0.0,0.0,0.0,1.0,1.0,0.0,0.0,0.0,1.0,0.0,0.0,0.0,0.0,0.0,1.0
0.59716796875,0.0,0.0,0.014172283261010055,0.3032786885245902,0.0,1.0,0.0,0.0,1.0,0.0,1.0,0.0,0.0,1.0,0.0,0.0,0.0,0.0,0.0,1.0
0.3896484375,0.0,0.0,0.19771950881728373,0.4118852459016394,0.0,1.0,0.0,0.0,1.0,0.0,1.0,0.0,0.0,1.0,0.0,0.0,0.0,0.0,0.0,1.0
0.25537109375,0.0,0.0,0.17426830394238763,0.29098360655737704,0.0,1.0,0.0,1.0,0.0,1.0,0.0,0.0,0.0,1.0,0.0,0.0,0.0,0.0,0.0,1.0
0.2431640625,0.0,0.0,0.10543809435878498,0.26946721311475413,1.0,0.0,0.0,0.0,1.0,0.0,1.0,0.0,0.0,1.0,0.0,0.0,0.0,0.0,0.0,1.0
0.8291015625,0.0,0.0,0.7730588126673438,0.3831967213114754,1.0,0.0,0.0,0.0,1.0,0.0,1.0,0.0,0.0,0.0,1.0,0.0,0.0,0.0,0.0,1.0
0.47509765625,0.0,0.0,0.08286400147724127,0.27459016393442626,0.0,1.0,0.0,0.0,1.0,1.0,0.0,1.0,0.0,0.0,0.0,0.0,0.0,0.0,0.0,1.0
0.3408203125,0.0,0.0,0.08346413073585085,0.27151639344262296,1.0,0.0,0.0,1.0,0.0,0.0,1.0,0.0,0.0,1.0,0.0,0.0,0.0,0.0,0.0,1.0
0.3896484375,0.0,0.0,0.22043209306619893,0.27254098360655743,1.0,0.0,0.0,0.0,1.0,1.0,0.0,0.0,0.0,1.0,0.0,0.0,0.0,0.0,0.0,1.0
0.71923828125,0.0,0.0,0.12044132582402362,0.34016393442622955,0.0,1.0,0.0,0.0,1.0,0.0,1.0,0.0,0.0,1.0,0.0,0.0,0.0,0.0,0.0,1.0
0.57275390625,0.0,0.0,0.25399316775920966,0.31250000000000006,0.0,1.0,0.0,0.0,1.0,1.0,0.0,0.0,0.0,1.0,0.0,0.0,0.0,0.0,0.0,1.0
0.2919921875,0.0,0.0,0.27430523497368664,0.30840163934426235,1.0,0.0,0.0,0.0,1.0,1.0,0.0,0.0,0.0,0.0,1.0,0.0,0.0,0.0,0.0,1.0
0.35302734375,0.0,0.0,0.08544917366817467,0.23053278688524592,1.0,0.0,0.0,1.0,0.0,0.0,1.0,0.0,0.0,1.0,0.0,0.0,0.0,0.0,0.0,1.0
0.49951171875,0.0,0.0,0.036053919305696625,0.2674180327868853,0.0,1.0,0.0,0.0,1.0,1.0,0.0,0.0,0.0,0.0,1.0,0.0,0.0,0.0,0.0,1.0
0.2919921875,0.0,0.0,0.6133782660880805,0.2551229508196721,1.0,0.0,0.0,1.0,0.0,1.0,0.0,0.0,0.0,1.0,0.0,0.0,0.0,0.0,0.0,1.0
0.7314453125,0.0,0.0,0.2616101929646386,0.24180327868852464,1.0,0.0,0.0,0.0,1.0,1.0,0.0,1.0,0.0,0.0,0.0,0.0,0.0,0.0,0.0,1.0
0.67041015625,0.0,0.0,0.019573446588496024,0.3493852459016394,1.0,0.0,0.0,0.0,1.0,0.0,1.0,0.0,0.0,1.0,0.0,0.0,0.0,0.0,0.0,1.0
0.853515625,0.0,1.0,0.856661434770566,0.0,1.0,0.0,0.0,0.0,1.0,0.0,1.0,0.0,0.0,0.0,1.0,0.0,0.0,0.0,0.0,1.0
0.6826171875,0.0,0.0,0.39123811282430065,0.319672131147541,0.0,1.0,0.0,1.0,0.0,0.0,1.0,0.0,0.0,0.0,1.0,0.0,0.0,0.0,0.0,1.0
0.560546875,0.0,0.0,0.021327670575200852,0.30225409836065575,0.0,1.0,0.0,0.0,1.0,0.0,1.0,0.0,0.0,1.0,0.0,0.0,0.0,0.0,0.0,1.0
0.64599609375,0.0,0.0,0.24914596990120952,0.26946721311475413,0.0,1.0,0.0,0.0,1.0,0.0,1.0,0.0,0.0,0.0,1.0,0.0,0.0,0.0,0.0,1.0
0.27978515625,0.0,0.0,0.5089096113008956,0.22438524590163936,1.0,0.0,0.0,1.0,0.0,1.0,0.0,0.0,0.0,1.0,0.0,0.0,0.0,0.0,0.0,1.0
0.98779296875,1.0,1.0,0.328778506139784,0.2807377049180328,1.0,0.0,0.0,0.0,1.0,1.0,0.0,0.0,0.0,1.0,0.0,0.0,0.0,0.0,0.0,1.0
0.45068359375,0.0,0.0,0.23977472070907585,0.0,0.0,1.0,0.0,0.0,1.0,1.0,0.0,0.0,0.0,1.0,0.0,0.0,0.0,0.0,0.0,1.0
0.7802734375,0.0,0.0,0.04851814236912566,0.3432377049180328,1.0,0.0,0.0,0.0,1.0,0.0,1.0,0.0,0.0,1.0,0.0,0.0,0.0,0.0,0.0,1.0
0.20654296875,0.0,0.0,0.040162496537715864,0.1987704918032787,0.0,1.0,0.0,1.0,0.0,1.0,0.0,0.0,0.0,1.0,0.0,0.0,0.0,0.0,0.0,1.0
0.4384765625,0.0,0.0,0.012510386852552846,0.2213114754098361,1.0,0.0,0.0,1.0,0.0,0.0,1.0,0.0,0.0,0.0,1.0,0.0,0.0,0.0,0.0,1.0
0.64599609375,0.0,0.0,0.4040254824115963,0.2848360655737705,0.0,1.0,0.0,0.0,1.0,0.0,1.0,0.0,0.0,1.0,0.0,0.0,0.0,0.0,0.0,1.0
0.54833984375,0.0,0.0,0.07515464869356481,0.29098360655737704,1.0,0.0,0.0,0.0,1.0,0.0,1.0,0.0,0.0,1.0,0.0,0.0,0.0,0.0,0.0,1.0
0.3896484375,0.0,0.0,0.1287508078663097,0.264344262295082,0.0,1.0,0.0,0.0,1.0,1.0,0.0,1.0,0.0,0.0,0.0,0.0,0.0,0.0,0.0,1.0
0.267578125,0.0,0.0,0.09172744898901303,0.2858606557377049,1.0,0.0,0.0,1.0,0.0,1.0,0.0,0.0,0.0,1.0,0.0,0.0,0.0,0.0,0.0,1.0
0.49951171875,0.0,0.0,0.048702797525620956,0.27356557377049184,1.0,0.0,0.0,0.0,1.0,0.0,1.0,0.0,0.0,1.0,0.0,0.0,0.0,0.0,0.0,1.0
0.5849609375,0.0,0.0,0.254177822915705,0.3104508196721312,1.0,0.0,0.0,0.0,1.0,0.0,1.0,0.0,0.0,1.0,0.0,0.0,0.0,0.0,0.0,1.0
0.23095703125,0.0,0.0,0.18493213922998802,0.2551229508196721,0.0,1.0,0.0,1.0,0.0,1.0,0.0,0.0,0.0,1.0,0.0,0.0,0.0,0.0,0.0,1.0
0.4384765625,0.0,0.0,0.05276521096851633,0.3360655737704918,1.0,0.0,0.0,1.0,0.0,1.0,0.0,0.0,0.0,1.0,0.0,0.0,0.0,0.0,0.0,1.0
0.52392578125,0.0,0.0,0.21124549903056045,0.4877049180327869,1.0,0.0,0.0,0.0,1.0,0.0,1.0,0.0,0.0,1.0,0.0,0.0,0.0,0.0,0.0,1.0
0.59716796875,0.0,0.0,0.6989659311236266,0.4559426229508197,1.0,0.0,0.0,0.0,1.0,0.0,1.0,0.0,0.0,1.0,0.0,0.0,0.0,0.0,0.0,1.0
0.45068359375,0.0,0.0,0.22407903240697996,0.36987704918032793,1.0,0.0,0.0,0.0,1.0,0.0,1.0,0.0,0.0,1.0,0.0,0.0,0.0,0.0,0.0,1.0
0.57275390625,0.0,0.0,0.20422860308374113,0.24385245901639346,1.0,0.0,0.0,0.0,1.0,0.0,1.0,0.0,0.0,1.0,0.0,0.0,0.0,0.0,0.0,1.0
0.79248046875,0.0,0.0,0.18613239774720708,0.2612704918032787,1.0,0.0,0.0,0.0,1.0,0.0,1.0,0.0,0.0,0.0,1.0,0.0,0.0,0.0,0.0,1.0
0.755859375,0.0,0.0,0.25722463299787646,0.23975409836065575,1.0,0.0,0.0,0.0,1.0,0.0,1.0,1.0,0.0,0.0,0.0,0.0,0.0,0.0,0.0,1.0
0.2919921875,0.0,0.0,0.12916628196842395,0.4354508196721312,1.0,0.0,0.0,0.0,1.0,0.0,1.0,1.0,0.0,0.0,0.0,0.0,0.0,0.0,0.0,1.0
0.658203125,1.0,0.0,0.19790416397377897,0.33094262295081966,0.0,1.0,0.0,0.0,1.0,1.0,0.0,0.0,0.0,0.0,1.0,0.0,0.0,0.0,0.0,1.0
0.7314453125,0.0,0.0,0.13581386760225284,0.23975409836065575,1.0,0.0,0.0,0.0,1.0,1.0,0.0,0.0,0.0,1.0,0.0,0.0,0.0,0.0,0.0,1.0
0.47509765625,0.0,0.0,0.8697257870926046,0.38114754098360665,1.0,0.0,0.0,0.0,1.0,0.0,1.0,0.0,0.0,1.0,0.0,0.0,0.0,0.0,0.0,1.0
0.4140625,0.0,0.0,0.06435232203859298,0.29713114754098363,1.0,0.0,0.0,1.0,0.0,1.0,0.0,0.0,0.0,1.0,0.0,0.0,0.0,0.0,0.0,1.0
0.658203125,0.0,0.0,0.0823561997968793,0.38627049180327877,0.0,1.0,0.0,0.0,1.0,0.0,1.0,1.0,0.0,0.0,0.0,0.0,0.0,0.0,0.0,1.0
0.8779296875,0.0,1.0,0.8454897978026036,0.0,0.0,1.0,0.0,0.0,1.0,1.0,0.0,0.0,0.0,1.0,0.0,0.0,0.0,0.0,0.0,1.0
0.4873046875,1.0,0.0,0.1757917089834734,0.2540983606557377,0.0,1.0,0.0,0.0,1.0,0.0,1.0,0.0,0.0,0.0,1.0,0.0,0.0,0.0,0.0,1.0
0.64599609375,1.0,0.0,0.2007663188994553,0.3975409836065574,1.0,0.0,0.0,0.0,1.0,1.0,0.0,1.0,0.0,0.0,0.0,0.0,0.0,0.0,0.0,1.0
0.3408203125,1.0,0.0,0.14536977195088174,0.3954918032786886,0.0,1.0,0.0,1.0,0.0,0.0,1.0,0.0,0.0,1.0,0.0,0.0,0.0,0.0,0.0,1.0
0.755859375,1.0,0.0,0.2242175237743514,0.3606557377049181,1.0,0.0,0.0,0.0,1.0,0.0,1.0,0.0,0.0,0.0,1.0,0.0,0.0,0.0,0.0,1.0
0.5361328125,0.0,0.0,0.13364416951343366,0.21721311475409838,1.0,0.0,0.0,0.0,1.0,0.0,1.0,0.0,0.0,1.0,0.0,0.0,0.0,0.0,0.0,1.0
0.59716796875,0.0,0.0,0.10529960299141361,0.4006147540983607,1.0,0.0,0.0,0.0,1.0,0.0,1.0,0.0,0.0,1.0,0.0,0.0,0.0,0.0,0.0,1.0
0.365234375,0.0,0.0,0.14352322038592924,0.2950819672131148,0.0,1.0,0.0,1.0,0.0,0.0,1.0,0.0,0.0,1.0,0.0,0.0,0.0,0.0,0.0,1.0
0.79248046875,0.0,0.0,0.11974886898716652,0.30840163934426235,0.0,1.0,0.0,0.0,1.0,0.0,1.0,0.0,0.0,1.0,0.0,0.0,0.0,0.0,0.0,1.0
0.37744140625,0.0,0.0,0.7383898070353614,0.0,0.0,1.0,0.0,1.0,0.0,0.0,1.0,0.0,0.0,1.0,0.0,0.0,0.0,0.0,0.0,1.0
0.70703125,0.0,1.0,0.7858461822546395,0.27151639344262296,0.0,1.0,0.0,0.0,1.0,1.0,0.0,0.0,0.0,1.0,0.0,0.0,0.0,0.0,0.0,1.0
0.658203125,0.0,0.0,0.09657464684701328,0.30225409836065575,1.0,0.0,0.0,0.0,1.0,0.0,1.0,0.0,0.0,1.0,0.0,0.0,0.0,0.0,0.0,1.0
0.5361328125,0.0,0.0,0.08655710460714622,0.2950819672131148,1.0,0.0,0.0,0.0,1.0,0.0,1.0,0.0,0.0,1.0,0.0,0.0,0.0,0.0,0.0,1.0
0.5361328125,0.0,0.0,0.36063152063521375,0.46106557377049184,1.0,0.0,0.0,0.0,1.0,1.0,0.0,1.0,0.0,0.0,0.0,0.0,0.0,0.0,0.0,1.0
0.462890625,0.0,0.0,0.48767426830394234,0.30942622950819676,1.0,0.0,0.0,1.0,0.0,0.0,1.0,1.0,0.0,0.0,0.0,0.0,0.0,0.0,0.0,1.0
0.64599609375,0.0,0.0,0.5576585726156402,0.27561475409836067,0.0,1.0,0.0,0.0,1.0,1.0,0.0,0.0,0.0,1.0,0.0,0.0,0.0,0.0,0.0,1.0
0.4873046875,0.0,0.0,0.6279660234512049,0.0,0.0,1.0,0.0,0.0,1.0,0.0,1.0,0.0,0.0,1.0,0.0,0.0,0.0,0.0,0.0,1.0
0.30419921875,0.0,0.0,0.17052903702335892,0.2592213114754099,1.0,0.0,0.0,1.0,0.0,0.0,1.0,0.0,0.0,1.0,0.0,0.0,0.0,0.0,0.0,1.0
0.42626953125,0.0,0.0,0.016618964084572085,0.4098360655737705,1.0,0.0,0.0,0.0,1.0,1.0,0.0,0.0,0.0,1.0,0.0,0.0,0.0,0.0,0.0,1.0
0.6337890625,0.0,0.0,0.22564860123718955,0.26229508196721313,1.0,0.0,0.0,0.0,1.0,0.0,1.0,1.0,0.0,0.0,0.0,0.0,0.0,0.0,0.0,1.0
0.5361328125,0.0,0.0,0.07806296740836488,0.3842213114754099,1.0,0.0,0.0,0.0,1.0,1.0,0.0,0.0,0.0,1.0,0.0,0.0,0.0,0.0,0.0,1.0
0.81689453125,0.0,0.0,0.19351860400701693,0.27561475409836067,0.0,1.0,0.0,0.0,1.0,1.0,0.0,0.0,0.0,1.0,0.0,0.0,0.0,0.0,0.0,1.0
0.31640625,0.0,0.0,0.21110700766318896,0.21516393442622953,0.0,1.0,0.0,1.0,0.0,1.0,0.0,1.0,0.0,0.0,0.0,0.0,0.0,0.0,0.0,1.0
0.54833984375,1.0,0.0,0.184193518604007,0.0,1.0,0.0,0.0,0.0,1.0,1.0,0.0,1.0,0.0,0.0,0.0,0.0,0.0,0.0,0.0,1.0
0.4873046875,0.0,0.0,0.13304404025482414,0.0,0.0,1.0,0.0,0.0,1.0,1.0,0.0,0.0,0.0,1.0,0.0,0.0,0.0,0.0,0.0,1.0
